Player Name,Runs,BF,4s,6s,SR,Pos,Dismissal,Inns,Match Type,Opposition,Ground
Axar Patel,20,16,3,0,125,4,not out,1,T20I,Afghanistan,Dubai (DICS)
Axar Patel,20,11,4,0,181.81,3,lbw,1,T20I,Afghanistan,Bridgetown
Axar Patel,15,14,1,1,107.14,3,caught,1,T20I,Australia,Gros Islet
Axar Patel,46,45,6,2,102.22,5,bowled,1,Test,Bangladesh,Chattogram
Axar Patel,93,104,7,5,89.42,5,caught,2,Test,Bangladesh,Mirpur
Axar Patel,9,13,1,0,69.23,7,lbw,4,Test,Bangladesh,Mirpur
Axar Patel,36,24,4,2,150,3,caught,1,T20I,Bangladesh,North Sound
Axar Patel,146,111,19,4,131.53,5,caught,1,Test,England,Birmingham
Axar Patel,57,86,8,0,66.27,5,caught,3,Test,England,Birmingham
Axar Patel,26,15,4,1,173.33,2,caught,1,T20I,England,Birmingham
Axar Patel,1,5,0,0,20,2,caught,2,T20I,England,Nottingham
Axar Patel,0,5,0,0,0,4,caught,2,ODI,England,Lord's
Axar Patel,125,113,16,2,110.61,4,not out,2,ODI,England,Manchester
Axar Patel,6,4,1,0,150,6,run out,1,T20I,England,Adelaide
Axar Patel,4,6,0,0,66.66,3,caught,1,T20I,England,Providence
Axar Patel,36,26,3,2,138.46,3,not out,2,T20I,Ireland,New York
Axar Patel,6,13,1,0,46.15,2,caught,1,T20I,New Zealand,Mount Maunganui
Axar Patel,11,5,2,0,220,2,caught,2,T20I,New Zealand,Napier
Axar Patel,15,23,2,0,65.21,4,bowled,1,ODI,New Zealand,Auckland
Axar Patel,10,16,2,0,62.5,4,caught,1,ODI,New Zealand,Christchurch
Axar Patel,14,12,2,0,116.66,5,caught,1,T20I,Pakistan,Dubai (DICS)
Axar Patel,42,31,6,0,135.48,3,caught,1,T20I,Pakistan,New York
Axar Patel,27,14,3,2,192.85,2,caught,2,T20I,South Africa,Indore
Axar Patel,0,2,0,0,0,3,caught,1,T20I,South Africa,Bridgetown
Axar Patel,17,13,3,0,130.76,6,caught,1,T20I,Sri Lanka,Dubai (DICS)
Axar Patel,18,20,1,1,90,3,bowled,2,T20I,U.S.A.,New York
Axar Patel,14,12,2,0,116.66,4,caught,1,T20I,West Indies,Tarouba
Axar Patel,24,12,1,2,200,4,caught,1,T20I,West Indies,Basseterre
Axar Patel,33,26,3,1,126.92,4,not out,2,T20I,West Indies,Basseterre
Axar Patel,44,31,6,0,141.93,4,caught,1,T20I,West Indies,Lauderhill
Axar Patel,3,5,0,0,60,5,caught,1,T20I,Zimbabwe,Melbourne
Hardik Pandya,32,24,3,2,133.33,6,caught,1,T20I,Afghanistan,Bridgetown
Hardik Pandya,71,30,7,5,236.66,5,not out,1,T20I,Australia,Mohali
Hardik Pandya,9,9,1,0,100,5,caught,2,T20I,Australia,Nagpur
Hardik Pandya,25,16,2,1,156.25,5,not out,2,T20I,Australia,Hyderabad
Hardik Pandya,25,31,3,1,80.64,6,caught,2,ODI,Australia,Wankhede
Hardik Pandya,1,3,0,0,33.33,6,caught,1,ODI,Australia,Visakhapatnam
Hardik Pandya,40,40,3,1,100,6,caught,2,ODI,Australia,Chennai
Hardik Pandya,11,8,0,1,137.5,6,not out,2,ODI,Australia,Chennai
Hardik Pandya,27,17,1,2,158.82,6,not out,1,T20I,Australia,Gros Islet
Hardik Pandya,5,6,0,0,83.33,5,caught,1,T20I,Bangladesh,Adelaide
Hardik Pandya,50,27,4,3,185.18,6,not out,1,T20I,Bangladesh,North Sound
Hardik Pandya,29,44,2,0,65.9,6,caught,2,ODI,England,Lord's
Hardik Pandya,71,55,10,0,129.09,6,caught,2,ODI,England,Manchester
Hardik Pandya,63,33,4,5,190.9,5,hit wicket,1,T20I,England,Adelaide
Hardik Pandya,23,13,1,2,176.92,5,caught,1,T20I,England,Providence
Hardik Pandya,13,13,0,0,100,5,caught,1,T20I,New Zealand,Mount Maunganui
Hardik Pandya,30,18,3,1,166.66,5,not out,2,T20I,New Zealand,Napier
Hardik Pandya,28,38,3,0,73.68,6,bowled,1,ODI,New Zealand,Hyderabad
Hardik Pandya,54,38,3,3,142.1,6,caught,1,ODI,New Zealand,Indore
Hardik Pandya,21,20,1,1,105,5,caught,2,T20I,New Zealand,Ranchi
Hardik Pandya,15,20,1,0,75,6,not out,2,T20I,New Zealand,Lucknow
Hardik Pandya,30,17,4,1,176.47,5,caught,1,T20I,New Zealand,Ahmedabad
Hardik Pandya,33,17,4,1,194.11,6,not out,2,T20I,Pakistan,Dubai (DICS)
Hardik Pandya,0,2,0,0,0,6,caught,1,T20I,Pakistan,Dubai (DICS)
Hardik Pandya,40,37,1,2,108.1,6,caught,2,T20I,Pakistan,Melbourne
Hardik Pandya,87,90,7,1,96.66,6,caught,1,ODI,Pakistan,Pallekele
Hardik Pandya,7,12,1,0,58.33,7,caught,1,T20I,Pakistan,New York
Hardik Pandya,2,3,0,0,66.66,6,caught,1,T20I,South Africa,Perth
Hardik Pandya,5,2,1,0,250,7,not out,1,T20I,South Africa,Bridgetown
Hardik Pandya,17,13,0,1,130.76,5,caught,1,T20I,Sri Lanka,Dubai (DICS)
Hardik Pandya,29,27,4,0,107.4,5,caught,1,T20I,Sri Lanka,Wankhede
Hardik Pandya,12,12,1,1,100,5,caught,2,T20I,Sri Lanka,Pune
Hardik Pandya,4,4,0,0,100,5,caught,1,T20I,Sri Lanka,Rajkot
Hardik Pandya,14,12,0,1,116.66,6,caught,1,ODI,Sri Lanka,Guwahati
Hardik Pandya,36,53,4,0,67.92,6,caught,2,ODI,Sri Lanka,Eden Gardens
Hardik Pandya,5,18,0,0,27.77,6,caught,1,ODI,Sri Lanka,Colombo (RPS)
Hardik Pandya,1,3,0,0,33.33,5,caught,1,T20I,West Indies,Tarouba
Hardik Pandya,31,31,1,2,100,5,caught,1,T20I,West Indies,Basseterre
Hardik Pandya,4,6,0,0,66.66,5,caught,2,T20I,West Indies,Basseterre
Hardik Pandya,28,16,2,2,175,5,run out,1,T20I,West Indies,Lauderhill
Hardik Pandya,5,7,0,0,71.42,4,run out,2,ODI,West Indies,Bridgetown
Hardik Pandya,7,14,0,0,50,5,caught,1,ODI,West Indies,Bridgetown
Hardik Pandya,70,52,4,5,134.61,5,not out,1,ODI,West Indies,Tarouba
Hardik Pandya,19,19,3,0,100,5,bowled,2,T20I,West Indies,Tarouba
Hardik Pandya,24,18,0,2,133.33,6,bowled,1,T20I,West Indies,Providence
Hardik Pandya,20,15,1,1,133.33,5,not out,2,T20I,West Indies,Providence
Hardik Pandya,14,18,0,1,77.77,6,caught,1,T20I,West Indies,Lauderhill
Hardik Pandya,18,18,2,0,100,6,caught,1,T20I,Zimbabwe,Melbourne
Ishan Kishan,51,7,4,5,728.57,4,not out,2,T20I,Afghanistan,Wankhede
Ishan Kishan,39,21,6,1,185.71,3,caught,2,ODI,Australia,Wankhede
Ishan Kishan,17,23,1,0,73.91,3,bowled,1,ODI,Australia,Vishakhapatnam
Ishan Kishan,0,2,0,0,0,3,caught,1,ODI,Australia,Chennai
Ishan Kishan,210,131,24,10,160.3,2,caught,1,ODI,Bangladesh,Chattogram
Ishan Kishan,56,32,5,4,175,2,lbw,2,T20I,England,Ahmedabad
Ishan Kishan,4,9,0,0,44.44,3,caught,1,T20I,England,Ahmedabad
Ishan Kishan,8,10,0,0,80,2,caught,1,T20I,England,Southampton
Ishan Kishan,26,11,3,2,236.36,2,bowled,2,T20I,Ireland,Dublin (Malahide)
Ishan Kishan,3,5,0,0,60,2,caught,1,T20I,Ireland,Dublin (Malahide)
Ishan Kishan,70,31,6,4,225.8,2,bowled,1,T20I,Ireland,Dublin (Malahide)
Ishan Kishan,2,2,0,0,100,2,caught,1,T20I,Ireland,Dublin (Malahide)
Ishan Kishan,4,8,1,0,50,2,caught,1,T20I,New Zealand,Dubai (DICS)
Ishan Kishan,29,21,6,0,138.09,2,caught,1,T20I,New Zealand,Eden Gardens
Ishan Kishan,36,31,5,1,116.12,1,caught,1,T20I,New Zealand,Mount Maunganui
Ishan Kishan,10,11,1,1,90.9,1,caught,2,T20I,New Zealand,Napier
Ishan Kishan,5,14,0,0,35.71,4,caught,1,ODI,New Zealand,Hyderabad
Ishan Kishan,8,9,2,0,88.88,4,not out,2,ODI,New Zealand,Raipur
Ishan Kishan,17,24,1,1,70.83,4,run out,1,ODI,New Zealand,Indore
Ishan Kishan,4,5,1,0,80,2,bowled,2,T20I,New Zealand,Ranchi
Ishan Kishan,19,32,2,0,59.37,2,run out,2,T20I,New Zealand,Lucknow
Ishan Kishan,1,3,0,0,33.33,1,lbw,1,T20I,New Zealand,Ahmedabad
Ishan Kishan,0,2,0,0,0,2,lbw,2,T20I,Pakistan,Colombo (RPS)
Ishan Kishan,76,48,11,3,158.33,1,caught,1,T20I,South Africa,Delhi
Ishan Kishan,34,21,2,3,161.9,2,caught,1,T20I,South Africa,Cuttack
Ishan Kishan,54,35,5,2,154.28,2,caught,1,T20I,South Africa,Visakhapatnam
Ishan Kishan,27,26,3,1,103.84,2,caught,1,T20I,South Africa,Rajkot
Ishan Kishan,15,7,0,2,214.28,1,bowled,1,T20I,South Africa,Bengaluru
Ishan Kishan,20,37,3,0,54.05,4,caught,2,ODI,South Africa,Lucknow
Ishan Kishan,93,84,4,7,110.71,3,caught,2,ODI,South Africa,Ranchi
Ishan Kishan,10,18,2,0,55.55,3,caught,2,ODI,South Africa,Delhi
Ishan Kishan,59,42,8,2,140.47,3,caught,2,ODI,Sri Lanka,Colombo (RPS)
Ishan Kishan,1,4,0,0,25,3,bowled,2,ODI,Sri Lanka,Colombo (RPS)
Ishan Kishan,20,14,1,1,142.85,6,not out,1,T20I,Sri Lanka,Colombo (RPS)
Ishan Kishan,89,56,10,3,158.92,2,caught,1,T20I,Sri Lanka,Lucknow
Ishan Kishan,16,15,2,0,106.66,2,caught,2,T20I,Sri Lanka,Dharamsala
Ishan Kishan,37,29,3,2,127.58,1,caught,1,T20I,Sri Lanka,Wankhede
Ishan Kishan,2,5,0,0,40,1,bowled,2,T20I,Sri Lanka,Pune
Ishan Kishan,1,2,0,0,50,1,caught,1,T20I,Sri Lanka,Rajkot
Ishan Kishan,5,7,0,0,71.42,3,bowled,2,ODI,Sri Lanka,Colombo (RPS)
Ishan Kishan,50,34,6,2,147.05,2,caught,2,ODI,Sri Lanka,Colombo (RPS)
Ishan Kishan,28,36,2,1,77.77,2,caught,2,ODI,West Indies,Ahmedabad
Ishan Kishan,35,42,4,0,83.33,2,caught,2,T20I,West Indies,Eden Gardens
Ishan Kishan,2,10,0,0,20,2,caught,1,T20I,West Indies,Eden Gardens
Ishan Kishan,34,31,5,0,109.67,2,bowled,1,T20I,West Indies,Eden Gardens
Ishan Kishan,11,13,1,0,84.61,1,caught,1,T20I,West Indies,Lauderhill
Ishan Kishan,27,28,4,1,96.42,2,caught,2,T20I,West Indies,Tarouba
Ishan Kishan,51,38,3,4,134.21,1,caught,2,T20I,West Indies,Guyana
Ishan Kishan,13,10,2,0,130,1,bowled,2,T20I,West Indies,Providence
Ishan Kishan,48,25,3,2,192,2,caught,1,T20I,West Indies,Lauderhill
Ishan Kishan,7,7,0,1,100,2,caught,1,T20I,West Indies,Lauderhill
Ishan Kishan,6,13,0,0,46.15,4,bowled,2,ODI,Zimbabwe,Harare
Ishan Kishan,50,61,6,0,81.96,4,run out,1,ODI,Zimbabwe,Harare
KL Rahul,62,41,6,2,151.21,1,caught,1,T20I,Afghanistan,Dubai (DICS)
KL Rahul,55,35,4,3,157.14,1,caught,1,T20I,Australia,Mohali
KL Rahul,10,6,0,1,166.66,1,bowled,2,T20I,Australia,Nagpur
KL Rahul,1,4,0,0,25,1,caught,2,T20I,Australia,Hyderabad
KL Rahul,20,71,1,0,28.16,2,caught,2,Test,Australia,Nagpur
KL Rahul,17,41,0,1,41.46,2,lbw,2,Test,Australia,Delhi
KL Rahul,1,3,0,0,33.33,2,caught,4,Test,Australia,Delhi
KL Rahul,75,91,7,1,82.41,5,not out,2,ODI,Australia,Wankhede
KL Rahul,9,12,1,0,75,5,lbw,1,ODI,Australia,Visakhapatnam
KL Rahul,32,50,2,1,64,4,caught,2,ODI,Australia,Chennai
KL Rahul,58,63,4,1,92.06,4,not out,2,ODI,Australia,Mohali
KL Rahul,52,38,3,3,136.84,4,bowled,1,ODI,Australia,Indore
KL Rahul,26,30,2,0,86.66,5,caught,2,ODI,Australia,Rajkot
KL Rahul,97,115,8,2,84.34,5,not out,2,ODI,Australia,Chennai
KL Rahul,66,107,1,0,61.68,5,caught,1,ODI,Australia,Ahmedabad
KL Rahul,50,32,3,4,156.25,1,caught,1,T20I,Bangladesh,Adelaide
KL Rahul,73,70,5,4,104.28,5,caught,1,ODI,Bangladesh,Mirpur
KL Rahul,14,28,0,0,50,5,lbw,2,ODI,Bangladesh,Mirpur
KL Rahul,8,10,1,0,80,5,bowled,1,ODI,Bangladesh,Chattogram
KL Rahul,22,54,3,0,40.74,1,bowled,1,Test,Bangladesh,Chattogram
KL Rahul,23,62,3,0,37.09,1,caught,3,Test,Bangladesh,Chattogram
KL Rahul,10,45,1,0,22.22,1,lbw,2,Test,Bangladesh,Mirpur
KL Rahul,2,7,0,0,28.57,2,caught,4,Test,Bangladesh,Mirpur
KL Rahul,19,39,2,0,48.71,4,caught,2,ODI,Bangladesh,Colombo (RPS)
KL Rahul,34,34,3,1,100,5,not out,2,ODI,Bangladesh,Pune
KL Rahul,5,5,1,0,100,1,caught,1,T20I,England,Adelaide
KL Rahul,39,58,3,0,67.24,5,caught,1,ODI,England,Lucknow
KL Rahul,86,123,8,2,69.91,4,caught,2,Test,England,Hyderabad
KL Rahul,22,48,3,0,45.83,4,lbw,4,Test,England,Hyderabad
KL Rahul,36,39,0,2,92.3,1,caught,1,T20I,Hong Kong,Dubai (DICS)
KL Rahul,9,12,1,0,75,1,lbw,1,T20I,Netherlands,Sydney
KL Rahul,102,64,11,4,159.37,5,caught,1,ODI,Netherlands,Bengaluru
KL Rahul,27,35,3,0,77.14,5,lbw,2,ODI,New Zealand,Dharamsala
KL Rahul,39,20,5,2,195,5,not out,1,ODI,New Zealand,Wankhede
KL Rahul,0,1,0,0,0,2,bowled,2,T20I,Pakistan,Dubai (DICS)
KL Rahul,28,20,1,2,140,1,caught,1,T20I,Pakistan,Dubai (DICS)
KL Rahul,4,8,0,0,50,1,bowled,2,T20I,Pakistan,Melbourne
KL Rahul,111,106,12,2,104.71,4,not out,1,ODI,Pakistan,Colombo (RPS)
KL Rahul,19,29,2,0,65.51,5,not out,2,ODI,Pakistan,Ahmedabad
KL Rahul,51,56,2,4,91.07,1,not out,2,T20I,South Africa,Thiruvananthapuram
KL Rahul,57,28,5,4,203.57,1,lbw,1,T20I,South Africa,Guwahati
KL Rahul,9,14,0,1,64.28,1,caught,1,T20I,South Africa,Perth
KL Rahul,8,17,0,0,47.05,5,caught,1,ODI,South Africa,Eden Gardens
KL Rahul,56,64,7,0,87.5,4,caught,1,ODI,South Africa,Gqeberha
KL Rahul,21,35,2,0,60,4,caught,1,ODI,South Africa,Paarl
KL Rahul,101,137,14,4,73.72,6,bowled,1,Test,South Africa,Centurion
KL Rahul,4,24,1,0,16.66,6,caught,3,Test,South Africa,Centurion
KL Rahul,8,33,1,0,24.24,6,caught,2,Test,South Africa,Cape Town
KL Rahul,6,7,1,0,85.71,1,lbw,1,T20I,Sri Lanka,Dubai (DICS)
KL Rahul,39,29,4,1,134.48,5,bowled,1,ODI,Sri Lanka,Guwahati
KL Rahul,64,103,6,0,62.13,5,not out,2,ODI,Sri Lanka,Eden Gardens
KL Rahul,7,6,1,0,116.66,5,caught,1,ODI,Sri Lanka,Thiruvananthapuram
KL Rahul,39,44,2,0,88.63,5,caught,1,ODI,Sri Lanka,Colombo (RPS)
KL Rahul,21,19,2,0,110.52,5,caught,1,ODI,Sri Lanka,Wankhede
KL Rahul,9,20,0,0,20,2,lbw,2,ODI,Zimbabwe,Harare
KL Rahul,30,46,1,1,65.21,2,bowled,1,ODI,Zimbabwe,Harare
KL Rahul,51,35,3,3,145.71,1,caught,1,T20I,Zimbabwe,Melbourne
Rajat Patidar,32,72,3,0,44.44,5,bowled,1,Test,England,Visakhapatnam
Rajat Patidar,9,19,1,0,47.36,5,caught,3,Test,England,Visakhapatnam
Rajat Patidar,5,15,1,0,33.33,4,caught,1,Test,England,Rajkot
Rajat Patidar,0,10,0,0,0,4,caught,3,Test,England,Rajkot
Rajat Patidar,17,42,4,0,40.47,4,lbw,2,Test,England,Ranchi
Rajat Patidar,0,6,0,0,0,4,caught,4,Test,England,Ranchi
Rajat Patidar,22,16,3,1,137.5,1,bowled,1,ODI,South Africa,Paarl
Ravichandran Ashwin,10,15,2,0,66.66,8,run out,2,Test,Australia,Sydney
Ravichandran Ashwin,39,128,7,0,30.46,7,not out,4,Test,Australia,Sydney
Ravichandran Ashwin,19,24,2,0,79.16,2,caught,2,T20I,Australia,Brisbane
Ravichandran Ashwin,19,19,0,0,100,2,not out,2,T20I,Australia,Melbourne
Ravichandran Ashwin,35,21,2,2,166.66,2,caught,1,T20I,Australia,Sydney
Ravichandran Ashwin,63,44,6,1,143.18,1,caught,1,T20I,Australia,Perth
Ravichandran Ashwin,41,29,4,0,141.37,1,not out,1,T20I,Australia,Canberra
Ravichandran Ashwin,61,61,5,1,100,1,bowled,1,T20I,Australia,Sydney
Ravichandran Ashwin,23,62,2,1,37.09,3,lbw,2,Test,Australia,Nagpur
Ravichandran Ashwin,37,71,5,0,52.11,9,caught,2,Test,Australia,Delhi
Ravichandran Ashwin,3,12,0,0,25,9,caught,1,Test,Australia,Indore
Ravichandran Ashwin,16,28,2,0,57.14,8,lbw,3,Test,Australia,Indore
Ravichandran Ashwin,7,12,1,0,58.33,8,caught,2,Test,Australia,Ahmedabad
Ravichandran Ashwin,13,6,1,1,216.66,8,not out,1,T20I,Bangladesh,Adelaide
Ravichandran Ashwin,58,113,2,2,51.32,8,stumped,1,Test,Bangladesh,Chattogram
Ravichandran Ashwin,12,30,2,0,40,8,lbw,2,Test,Bangladesh,Mirpur
Ravichandran Ashwin,42,62,4,1,67.74,9,not out,4,Test,Bangladesh,Mirpur
Ravichandran Ashwin,51,93,4,0,54.83,4,lbw,4,Test,Birmingham,Birmingham
Ravichandran Ashwin,31,91,3,1,34.06,8,caught,2,Test,England,Chennai
Ravichandran Ashwin,9,46,1,0,19.56,8,caught,4,Test,England,Chennai
Ravichandran Ashwin,13,19,1,0,68.42,7,caught,1,Test,England,Chennai
Ravichandran Ashwin,106,148,14,1,71.62,8,bowled,3,Test,England,Chennai
Ravichandran Ashwin,17,32,3,0,53.12,7,caught,2,Test,England,Ahmedabad
Ravichandran Ashwin,13,32,2,0,40.62,7,caught,2,Test,England,Ahmedabad
Ravichandran Ashwin,20,22,0,1,90.9,4,not out,2,T20I,England,Manchester
Ravichandran Ashwin,47,38,1,2,123.68,4,caught,1,T20I,England,Cardiff
Ravichandran Ashwin,43,29,2,2,148.27,4,caught,2,T20I,England,Bristol
Ravichandran Ashwin,75,82,7,0,91.46,3,stumped,2,ODI,England,Nottingham
Ravichandran Ashwin,45,56,2,0,80.35,3,lbw,2,ODI,England,Lord's
Ravichandran Ashwin,71,72,8,0,98.61,3,bowled,1,ODI,England,Leeds
Ravichandran Ashwin,149,225,22,1,66.22,4,caught,2,Test,England,Birmingham
Ravichandran Ashwin,23,57,2,0,40.35,4,caught,1,Test,England,Lord's
Ravichandran Ashwin,17,29,2,0,58.62,5,caught,3,Test,England,Lord's
Ravichandran Ashwin,97,152,11,0,63.81,4,caught,1,Test,England,Nottingham
Ravichandran Ashwin,103,197,10,0,52.28,4,lbw,3,Test,England,Nottingham
Ravichandran Ashwin,46,71,6,0,64.78,4,caught,2,Test,England,Southampton
Ravichandran Ashwin,58,130,4,0,44.61,4,caught,4,Test,England,Southampton
Ravichandran Ashwin,49,70,6,0,70,4,caught,2,Test,England,The Oval
Ravichandran Ashwin,0,1,0,0,0,4,caught,4,Test,England,The Oval
Ravichandran Ashwin,0,0,0,0,-,7,not out,1,T20I,England,Adelaide
Ravichandran Ashwin,7,8,0,0,9.09,8,run out,2,Test,England,Hyderabad
Ravichandran Ashwin,28,84,2,0,33.33,9,stumped,4,Test,England,Hyderabad
Ravichandran Ashwin,20,37,4,0,54.05,8,caught,1,Test,England,Visakhapatnam
Ravichandran Ashwin,29,61,2,1,47.54,8,caught,3,Test,England,Visakhapatnam
Ravichandran Ashwin,37,89,6,0,41.57,9,caught,1,Test,England,Rajkot
Ravichandran Ashwin,1,13,0,0,7.69,8,lbw,2,Test,England,Ranchi
Ravichandran Ashwin,0,5,0,0,0,8,bowled,2,Test,England,Dharamsala
Ravichandran Ashwin,0,2,0,0,0,6,caught,1,T20I,Ireland,Dublin (Malahide)
Ravichandran Ashwin,9,8,1,0,112.5,2,caught,1,T20I,Ireland,Dublin (Malahide)
Ravichandran Ashwin,22,27,3,0,81.48,8,caught,1,Test,New Zealand,Southampton
Ravichandran Ashwin,7,19,0,0,36.84,8,caught,3,Test,New Zealand,Southampton
Ravichandran Ashwin,38,56,5,0,67.85,8,bowled,1,Test,New Zealand,Kanpur
Ravichandran Ashwin,32,62,5,0,51.61,7,bowled,3,Test,New Zealand,Kanpur
Ravichandran Ashwin,0,1,0,0,0,7,bowled,1,Test,New Zealand,Wankhede
Ravichandran Ashwin,8,10,0,0,80,7,not out,1,T20I,Pakistan,Dubai (DSC)
Ravichandran Ashwin,11,9,1,0,122.22,7,caught,2,T20I,Pakistan,Dubai (DSC)
Ravichandran Ashwin,3,3,0,0,100,7,caught,1,T20I,Pakistan,Dubai (DSC)
Ravichandran Ashwin,1,1,0,0,100,8,not out,2,T20I,Pakistan,Melbourne
Ravichandran Ashwin,4,5,1,0,80,7,caught,1,Test,South Africa,Centurion
Ravichandran Ashwin,14,17,2,0,82.35,8,caught,3,Test,South Africa,Centurion
Ravichandran Ashwin,5,13,0,0,38.46,4,caught,2,Test,South Africa,Cape Town
Ravichandran Ashwin,28,40,4,0,70,4,lbw,4,Test,South Africa,Cape Town
Ravichandran Ashwin,153,217,15,0,70.5,4,caught,2,Test,South Africa,Centurion
Ravichandran Ashwin,5,20,1,0,25,4,lbw,4,Test,South Africa,Centurion
Ravichandran Ashwin,54,106,9,0,50.94,4,caught,1,Test,South Africa,Johannesburg
Ravichandran Ashwin,41,79,6,0,51.89,5,bowled,3,Test,South Africa,Johannesburg
Ravichandran Ashwin,112,119,10,0,94.11,3,caught,2,ODI,South Africa,Durban
Ravichandran Ashwin,46,50,4,1,92,3,not out,2,ODI,South Africa,Centurion
Ravichandran Ashwin,160,159,12,2,100.62,3,not out,1,ODI,South Africa,Cape Town
Ravichandran Ashwin,75,83,7,1,90.36,3,caught,1,ODI,South Africa,Johannesburg
Ravichandran Ashwin,36,54,2,0,66.66,3,run out,1,ODI,South Africa,Gqeberha
Ravichandran Ashwin,129,96,19,2,134.37,3,not out,2,ODI,South Africa,Centurion
Ravichandran Ashwin,26,20,2,1,130,4,lbw,1,T20I,South Africa,Johannesburg
Ravichandran Ashwin,1,5,0,0,20,4,caught,1,T20I,South Africa,Centurion
Ravichandran Ashwin,46,50,6,0,92,7,caught,1,Test,South Africa,Johannesburg
Ravichandran Ashwin,16,14,2,0,114.28,7,caught,3,Test,South Africa,Johannesburg
Ravichandran Ashwin,2,10,0,0,20,7,caught,1,Test,South Africa,Cape Town
Ravichandran Ashwin,7,15,1,0,46.66,7,caught,3,Test,South Africa,Cape Town
Ravichandran Ashwin,7,13,0,0,53.84,7,bowled,2,ODI,South Africa,Paarl
Ravichandran Ashwin,25,24,1,1,104.16,8,not out,1,ODI,South Africa,Paarl
Ravichandran Ashwin,2,4,0,0,50,8,caught,2,T20I,South Africa,Indore
Ravichandran Ashwin,7,11,0,0,63.63,8,caught,1,T20I,South Africa,Perth
Ravichandran Ashwin,8,11,2,0,72.72,7,caught,1,Test,South Africa,Centurion
Ravichandran Ashwin,0,1,0,0,0,7,caught,3,Test,South Africa,Centurion
Ravichandran Ashwin,61,82,8,0,74.39,8,caught,1,Test,Sri Lanka,Mohali
Ravichandran Ashwin,13,33,1,0,39.39,8,caught,1,Test,Sri Lanka,Bengaluru
Ravichandran Ashwin,13,25,1,0,52,8,caught,3,Test,Sri Lanka,Bengaluru
Ravichandran Ashwin,15,7,0,1,214.28,8,not out,1,T20I,Sri Lanka,Dubai (DICS)
Ravichandran Ashwin,139,230,10,0,60.43,4,caught,1,Test,West Indies,Rajkot
Ravichandran Ashwin,45,78,5,0,57.69,4,lbw,2,Test,West Indies,Hyderabad
Ravichandran Ashwin,0,1,0,0,0,3,caught,1,ODI,West Indies,Visakhapatnam
Ravichandran Ashwin,140,107,21,2,130.84,3,stumped,2,ODI,West Indies,Guwahati
Ravichandran Ashwin,157,129,13,4,121.7,3,not out,1,ODI,West Indies,Visakhapatnam
Ravichandran Ashwin,107,119,10,1,89.91,3,bowled,2,ODI,West Indies,Pune
Ravichandran Ashwin,16,17,2,0,94.11,3,caught,1,ODI,West Indies,Brabourne
Ravichandran Ashwin,33,29,6,0,113.79,3,not out,2,ODI,West Indies,Thiruvananthapuram
Ravichandran Ashwin,4,8,0,0,50,2,caught,1,T20I,West Indies,Kolkata
Ravichandran Ashwin,49,51,2,3,96.07,2,lbw,1,T20I,West Indies,Lucknow
Ravichandran Ashwin,70,29,4,4,241.37,2,not out,1,T20I,West Indies,Chennai
Ravichandran Ashwin,13,10,0,1,130,8,not out,1,T20I,West Indies,Tarouba
Ravichandran Ashwin,10,6,2,0,166.66,8,caught,1,T20I,West Indies,Basseterre
Ravichandran Ashwin,56,78,8,0,71.79,8,bowled,1,Test,West Indies,Port of Spain
Ravindra Jadeja,7,5,1,0,140,7,caught,1,T20I,Afghanistan,Bridgetown
Ravindra Jadeja,70,185,9,0,37.83,7,bowled,2,Test,Australia,Nagpur
Ravindra Jadeja,26,74,4,0,35.13,6,lbw,2,Test,Australia,Delhi
Ravindra Jadeja,4,9,0,0,44.44,5,caught,1,Test,Australia,Indore
Ravindra Jadeja,7,36,0,0,19.44,5,lbw,3,Test,Australia,Indore
Ravindra Jadeja,28,84,2,1,33.33,5,caught,2,Test,Australia,Ahmedabad
Ravindra Jadeja,45,69,5,0,65.21,7,not out,2,ODI,Australia,Wankhede
Ravindra Jadeja,16,39,1,0,41.02,7,caught,1,ODI,Australia,Visakhapatnam
Ravindra Jadeja,18,33,1,0,54.54,8,caught,2,ODI,Australia,Chennai
Ravindra Jadeja,48,51,7,1,94.11,6,caught,2,Test,Australia,The Oval
Ravindra Jadeja,0,2,0,0,0,6,caught,4,Test,Australia,The Oval
Ravindra Jadeja,3,6,0,0,50,7,not out,2,ODI,Australia,Mohali
Ravindra Jadeja,13,9,1,0,144.44,7,not out,1,ODI,Australia,Indore
Ravindra Jadeja,35,36,3,1,97.22,7,lbw,2,ODI,Australia,Rajkot
Ravindra Jadeja,9,22,0,0,40.9,6,caught,1,ODI,Australia,Ahmedabad
Ravindra Jadeja,9,5,0,1,180,7,not out,1,T20I,Australia,Gros Islet
Ravindra Jadeja,7,12,0,0,58.33,7,bowled,2,ODI,Bangladesh,Colombo (RPS)
Ravindra Jadeja,104,194,13,0,53.6,7,bowled,1,Test,England,Birmingham
Ravindra Jadeja,23,58,1,0,39.65,7,bowled,3,Test,England,Birmingham
Ravindra Jadeja,46,29,5,0,158.62,6,not out,1,T20I,England,Birmingham
Ravindra Jadeja,7,4,0,1,175,7,lbw,2,T20I,England,Nottingham
Ravindra Jadeja,29,44,1,1,65.9,7,bowled,2,ODI,England,Lord's
Ravindra Jadeja,7,15,0,0,46.66,7,not out,2,ODI,England,Manchester
Ravindra Jadeja,8,13,0,0,61.53,7,lbw,1,ODI,England,Lucknow
Ravindra Jadeja,17,9,2,0,188.88,6,not out,1,T20I,England,Providence
Ravindra Jadeja,39,44,3,1,88.63,7,not out,2,ODI,New Zealand,Dharamsala
Ravindra Jadeja,35,29,2,2,120.68,4,bowled,2,T20I,Pakistan,Dubai (DICS)
Ravindra Jadeja,14,22,1,0,63.63,7,caught,1,ODI,Pakistan,Pallekele
Ravindra Jadeja,29,15,3,1,193.33,7,not out,1,ODI,South Africa,Eden Gardens
Ravindra Jadeja,19,14,1,1,135.71,7,lbw,1,T20I,South Africa,Gqeberha
Ravindra Jadeja,4,2,1,0,200,7,run out,1,T20I,South Africa,Johannesburg
Ravindra Jadeja,2,2,0,0,100,8,caught,1,T20I,South Africa,Bridgetown
Ravindra Jadeja,22,45,3,0,48.88,7,bowled,3,Test,Sri Lanka,Bengaluru
Ravindra Jadeja,4,19,0,0,21.05,7,caught,1,ODI,Sri Lanka,Colombo (RPS)
Ravindra Jadeja,35,24,1,1,145.83,7,run out,1,ODI,Sri Lanka,Wankhede
Ravindra Jadeja,16,13,2,0,123.07,6,caught,1,T20I,West Indies,Tarouba
Ravindra Jadeja,27,30,0,1,90,6,caught,1,T20I,West Indies,Basseterre
Ravindra Jadeja,37,82,3,1,45.12,6,not out,2,Test,West Indies,Roseau
Ravindra Jadeja,61,152,5,0,40.13,6,caught,1,Test,West Indies,Port of Spain
Ravindra Jadeja,16,21,1,0,76.19,5,not out,2,ODI,West Indies,Bridgetown
Ravindra Jadeja,10,21,0,0,47.61,7,caught,1,ODI,West Indies,Bridgetown
Ravindra Jadeja,8,7,0,0,114.28,7,not out,1,ODI,West Indies,Tarouba
Rinku Singh,16,9,2,0,177.77,6,not out,2,T20I,Afghanistan,Mohali
Rinku Singh,9,9,1,0,100,6,not out,2,T20I,Afghanistan,Indore
Rinku Singh,69,39,2,6,176.92,6,not out,1,T20I,Afghanistan,Bengaluru
Rinku Singh,22,14,4,0,157.14,6,not out,2,T20I,Australia,Visakhapatnam
Rinku Singh,31,9,4,2,344.44,5,not out,1,T20I,Australia,Thiruvananthapuram
Rinku Singh,46,29,4,2,158.62,5,lbw,1,T20I,Australia,Raipur
Rinku Singh,6,8,1,0,75,5,caught,1,T20I,Australia,Bengaluru
Rinku Singh,38,21,2,3,180.95,5,caught,1,T20I,Ireland,Dublin (Malahide)
Rinku Singh,37,15,2,4,246.66,6,not out,1,T20I,Nepal,Hangzhou
Rinku Singh,68,39,9,2,174.35,5,not out,1,T20I,South Africa,Gqeberha
Rinku Singh,14,10,0,1,140,5,caught,1,T20I,South Africa,Johannesburg
Rinku Singh,17,14,2,1,121.42,6,stumped,1,ODI,South Africa,Gqeberha
Rinku Singh,38,27,3,2,140.74,6,caught,1,ODI,South Africa,Paarl
Rishabh Pant,20,16,3,0,125,4,not out,1,T20I,Afghanistan,Dubai (DICS)
Rishabh Pant,20,11,4,0,181.81,3,lbw,1,T20I,Afghanistan,Bridgetown
Rishabh Pant,15,14,1,1,107.14,3,caught,1,T20I,Australia,Gros Islet
Rishabh Pant,46,45,6,2,102.22,5,bowled,1,Test,Bangladesh,Chattogram
Rishabh Pant,93,104,7,5,89.42,5,caught,2,Test,Bangladesh,Mirpur
Rishabh Pant,9,13,1,0,69.23,7,lbw,4,Test,Bangladesh,Mirpur
Rishabh Pant,36,24,4,2,150,3,caught,1,T20I,Bangladesh,North Sound
Rishabh Pant,146,111,19,4,131.53,5,caught,1,Test,England,Birmingham
Rishabh Pant,57,86,8,0,66.27,5,caught,3,Test,England,Birmingham
Rishabh Pant,26,15,4,1,173.33,2,caught,1,T20I,England,Birmingham
Rishabh Pant,1,5,0,0,20,2,caught,2,T20I,England,Nottingham
Rishabh Pant,0,5,0,0,0,4,caught,2,ODI,England,Lord's
Rishabh Pant,125,113,16,2,110.61,4,not out,2,ODI,England,Manchester
Rishabh Pant,6,4,1,0,46.15,2,run out,1,T20I,England,Adelaide
Rishabh Pant,4,6,0,0,66.66,3,caught,1,T20I,England,Providence
Rishabh Pant,36,26,3,2,138.46,3,not out,2,T20I,Ireland,New York
Rishabh Pant,6,13,1,0,46.15,2,caught,1,T20I,New Zealand,Mount Maunganui
Rishabh Pant,11,5,2,0,220,2,caught,2,T20I,New Zealand,Napier
Rishabh Pant,15,23,2,0,65.21,4,bowled,1,ODI,New Zealand,Auckland
Rishabh Pant,10,16,2,0,62.5,4,caught,1,ODI,New Zealand,Christchurch
Rishabh Pant,14,12,2,0,116.66,5,caught,1,T20I,Pakistan,Dubai (DICS)
Rishabh Pant,42,31,6,0,135.48,3,caught,1,T20I,Pakistan,New York
Rishabh Pant,27,14,3,2,192.85,2,caught,2,T20I,South Africa,Indore
Rishabh Pant,0,2,0,0,0,3,caught,1,T20I,South Africa,Bridgetown
Rishabh Pant,17,13,3,0,130.76,6,caught,1,T20I,Sri Lanka,Dubai (DICS)
Rishabh Pant,18,20,1,1,90,3,bowled,2,T20I,U.S.A.,New York
Rishabh Pant,14,12,2,0,116.66,4,caught,1,T20I,West Indies,Tarouba
Rishabh Pant,24,12,1,2,200,4,caught,1,T20I,West Indies,Basseterre
Rishabh Pant,33,26,3,1,126.92,4,not out,2,T20I,West Indies,Basseterre
Rishabh Pant,44,31,6,0,141.93,4,caught,1,T20I,West Indies,Lauderhill
Rishabh Pant,3,5,0,0,60,5,caught,1,T20I,Zimbabwe,Melbourne
Rohit Sharma,131,84,16,5,155.95,1,bowled,2,ODI,Afghanistan,Delhi
Rohit Sharma,0,2,0,0,0,1,run out,2,T20I,Afghanistan,Mohali
Rohit Sharma,0,1,0,0,0,2,bowled,2,T20I,Afghanistan,Indore
Rohit Sharma,121,69,11,8,175.36,2,not out,1,T20I,Afghanistan,Bengaluru
Rohit Sharma,8,13,1,0,61.53,1,caught,1,T20I,Afghanistan,Bridgetown
Rohit Sharma,81,57,5,6,142.1,1,caught,2,ODI,Australia,Rajkot
Rohit Sharma,0,6,0,0,0,1,lbw,2,ODI,Australia,Chennai
Rohit Sharma,47,31,4,3,151.61,1,caught,1,ODI,Australia,Ahmedabad
Rohit Sharma,92,41,7,8,224.39,1,bowled,1,T20I,Australia,Gros Islet
Rohit Sharma,0,2,0,0,0,1,caught,2,ODI,Bangladesh,Colombo (RPS)
Rohit Sharma,48,40,7,2,120,1,caught,2,ODI,Bangladesh,Pune
Rohit Sharma,23,11,3,1,209.09,1,caught,1,T20I,Bangladesh,North Sound
Rohit Sharma,87,101,10,3,86.13,1,caught,1,ODI,England,Lucknow
Rohit Sharma,24,27,3,0,88.88,2,caught,2,Test,England,Hyderabad
Rohit Sharma,39,58,7,0,67.24,1,lbw,4,Test,England,Hyderabad
Rohit Sharma,14,41,0,0,34.14,2,caught,1,Test,England,Visakhapatnam
Rohit Sharma,13,21,3,0,61.9,2,bowled,3,Test,England,Visakhapatnam
Rohit Sharma,131,196,14,3,66.83,2,caught,1,Test,England,Rajkot
Rohit Sharma,19,28,3,0,67.85,2,lbw,3,Test,England,Rajkot
Rohit Sharma,2,9,0,0,22.22,2,caught,2,Test,England,Ranchi
Rohit Sharma,55,81,5,1,67.9,1,caught,4,Test,England,Ranchi
Rohit Sharma,103,162,13,3,63.58,2,bowled,2,Test,England,Dharamsala
Rohit Sharma,57,39,6,2,146.15,1,bowled,1,T20I,England,Providence
Rohit Sharma,52,37,4,3,140.54,1,retired notout,2,T20I,Ireland,New York
Rohit Sharma,74,59,6,5,125.42,1,not out,2,ODI,Nepal,Pallekele
Rohit Sharma,61,54,8,2,112.96,1,caught,1,ODI,Netherlands,Bengaluru
Rohit Sharma,46,40,4,4,115,1,bowled,2,ODI,New Zealand,Dharamsala
Rohit Sharma,47,29,4,4,162.06,1,caught,1,ODI,New Zealand,Wankhede
Rohit Sharma,11,22,2,0,50,1,bowled,1,ODI,Pakistan,Pallekele
Rohit Sharma,56,49,6,4,114.28,1,caught,1,ODI,Pakistan,Colombo (RPS)
Rohit Sharma,86,63,6,6,136.5,1,caught,2,ODI,Pakistan,Ahmedabad
Rohit Sharma,13,12,1,1,108.33,1,caught,1,T20I,Pakistan,New York
Rohit Sharma,40,24,6,2,166.66,1,caught,1,ODI,South Africa,Eden Gardens
Rohit Sharma,5,14,1,0,35.71,2,caught,1,Test,South Africa,Centurion
Rohit Sharma,0,8,0,0,0,2,bowled,3,Test,South Africa,Centurion
Rohit Sharma,39,50,7,0,78,2,caught,2,Test,South Africa,Cape Town
Rohit Sharma,16,22,2,0,72.72,2,not out,4,Test,South Africa,Cape Town
Rohit Sharma,9,5,2,0,180,1,caught,1,T20I,South Africa,Bridgetown
Rohit Sharma,53,48,7,2,110.41,1,bowled,1,ODI,Sri Lanka,Colombo (RPS)
Rohit Sharma,4,2,1,0,200,1,bowled,1,ODI,Sri Lanka,Wankhede
Rohit Sharma,3,6,0,0,50,1,caught,2,T20I,U.S.A.,New York
Rohit Sharma,57,44,5,3,129.54,2,caught,3,Test,West Indies,Port of Spain
Rohit Sharma,12,19,2,0,63.15,7,not out,2,ODI,West Indies,Bridgetown
Ruturaj Gaikwad,71,77,10,0,92.2,1,lbw,2,ODI,Australia,Mohali
Ruturaj Gaikwad,8,12,2,0,66.66,1,caught,1,ODI,Australia,Indore
Ruturaj Gaikwad,0,0,0,0,-,2,run out,2,T20I,Australia,Visakhapatnam
Ruturaj Gaikwad,58,43,3,2,134.88,2,caught,1,T20I,Australia,Thiruvananthapuram
Ruturaj Gaikwad,123,57,13,7,215.78,2,not out,1,T20I,Australia,Guwahati
Ruturaj Gaikwad,32,28,3,1,114.28,2,caught,1,T20I,Australia,Raipur
Ruturaj Gaikwad,10,12,2,0,83.33,2,caught,1,T20I,Australia,Bengaluru
Ruturaj Gaikwad,40,26,4,3,153.84,2,not out,2,T20I,Bangladesh,Hangzhou
Ruturaj Gaikwad,19,16,1,1,118.75,2,not out,2,T20I,Ireland,Dublin (Malahide)
Ruturaj Gaikwad,58,43,6,1,134.88,2,caught,1,T20I,Ireland,Dublin (Malahide)
Ruturaj Gaikwad,25,23,4,0,108.69,2,caught,1,T20I,Nepal,Hangzhou
Ruturaj Gaikwad,23,15,0,3,153.33,2,caught,1,T20I,South Africa,Delhi
Ruturaj Gaikwad,1,4,0,0,25,1,caught,1,T20I,South Africa,Cuttack
Ruturaj Gaikwad,57,35,7,2,162.85,1,caught,1,T20I,South Africa,Visakhapatnam
Ruturaj Gaikwad,5,7,1,0,71.42,1,caught,1,T20I,South Africa,Rajkot
Ruturaj Gaikwad,10,12,1,0,83.33,2,caught,1,T20I,South Africa,Bengaluru
Ruturaj Gaikwad,19,42,1,0,45.23,3,stumped,2,ODI,South Africa,Lucknow
Ruturaj Gaikwad,5,10,1,0,50,1,lbw,2,ODI,South Africa,Johannesburg
Ruturaj Gaikwad,4,2,1,0,200,1,lbw,1,ODI,South Africa,Gqeberha
Ruturaj Gaikwad,4,8,1,0,50,1,caught,1,T20I,West Indies,Eden Gardens
Ruturaj Gaikwad,8,14,1,0,57.14,3,caught,1,ODI,West Indies,Tarouba
Sai Sudharsan,55,43,9,0,127.9,2,not out,2,ODI,South Africa,Johannesburg
Sai Sudharsan,62,83,7,1,74.69,2,caught,1,ODI,South Africa,Gqeberha
Sai Sudharsan,10,16,1,0,62.5,2,lbw,1,ODI,South Africa,Paarl
Sanju Samson,0,1,0,0,0,5,caught,1,T20I,Afghanistan,Bengaluru
Sanju Samson,77,42,9,4,183.33,1,bowled,1,T20I,Ireland,Dublin (Malahide)
Sanju Samson,1,1,0,0,100,4,not out,2,T20I,Ireland,Dublin (Malahide)
Sanju Samson,40,26,5,1,153.84,4,bowled,1,T20I,Ireland,Dublin (Malahide)
Sanju Samson,36,38,4,0,94.73,6,caught,1,ODI,New Zealand,Auckland
Sanju Samson,86,63,9,3,136.5,6,not out,2,ODI,South Africa,Lucknow
Sanju Samson,30,36,1,1,83.33,5,not out,2,ODI,South Africa,Ranchi
Sanju Samson,2,4,0,0,50,5,not out,2,ODI,South Africa,Delhi
Sanju Samson,12,23,1,0,52.17,5,bowled,1,ODI,South Africa,Gqeberha
Sanju Samson,108,114,6,3,94.73,3,caught,1,ODI,South Africa,Paarl
Sanju Samson,39,25,2,3,156,4,caught,2,T20I,Sri Lanka,Dharamsala
Sanju Samson,18,12,3,0,150,1,caught,2,T20I,Sri Lanka,Dharamsala
Sanju Samson,5,6,0,0,83.33,4,caught,1,T20I,Sri Lanka,Wankhede
Sanju Samson,12,18,0,1,66.66,5,lbw,1,ODI,West Indies,Port of Spain
Sanju Samson,54,51,3,3,105.88,5,run out,2,ODI,West Indies,Port of Spain
Sanju Samson,6,7,0,0,85.71,5,not out,1,ODI,West Indies,Port of Spain
Sanju Samson,30,23,2,1,130.43,5,not out,1,T20I,West Indies,Lauderhill
Sanju Samson,15,11,2,0,136.36,4,bowled,1,T20I,West Indies,Lauderhill
Sanju Samson,9,19,0,0,47.36,3,caught,1,ODI,West Indies,Bridgetown
Sanju Samson,51,41,2,4,124.39,4,caught,1,ODI,West Indies,Tarouba
Sanju Samson,12,12,0,1,100,6,run out,2,T20I,West Indies,Tarouba
Sanju Samson,7,7,1,0,100,5,stumped,1,T20I,West Indies,Providence
Sanju Samson,13,9,2,0,144.44,5,caught,1,T20I,West Indies,Lauderhill
Sanju Samson,43,39,3,4,110.25,6,not out,2,ODI,Zimbabwe,Harare
Sanju Samson,15,13,0,2,115.38,6,caught,1,ODI,Zimbabwe,Harare
Shivam Dube,60,40,5,2,150,4,not out,2,T20I,Afghanistan,Mohali
Shivam Dube,63,32,5,4,196.87,4,not out,2,T20I,Afghanistan,Indore
Shivam Dube,1,6,0,-,16.66,4,caught,1,T20I,Afghanistan,Bengaluru
Shivam Dube,10,7,0,1,142.85,5,lbw,1,T20I,Afghanistan,Bridgetown
Shivam Dube,28,22,2,1,127.27,5,caught,1,T20I,Australia,Gros Islet
Shivam Dube,34,24,0,3,141.66,5,bowled,1,T20I,Bangladesh,North Sound
Shivam Dube,0,1,0,-,0,7,caught,1,T20I,England,Providence
Shivam Dube,22,16,0,2,137.5,6,not out,1,T20I,Ireland,Dublin (Malahide)
Shivam Dube,0,2,0,-,0,5,not out,2,T20I,Ireland,New York
Shivam Dube,25,19,2,1,131.57,5,not out,1,T20I,Nepal,Hangzhou
Shivam Dube,13,1,1,-,144.44,5,caught,2,T20I,New Zealand,Auckland
Shivam Dube,8,4,0,1,200,5,not out,2,T20I,New Zealand,Auckland
Shivam Dube,3,7,0,-,42.85,3,caught,1,T20I,New Zealand,Hamilton
Shivam Dube,12,9,2,-,133.33,5,caught,1,T20I,New Zealand,Wellington
Shivam Dube,5,6,1,-,83.33,5,caught,1,T20I,New Zealand,Mount Maunganui
Shivam Dube,3,9,0,-,33.33,6,caught,1,T20I,Pakistan,New York
Shivam Dube,27,16,3,1,168.75,6,caught,1,T20I,South Africa,Bridgetown
Shivam Dube,31,35,1,1,88.57,5,not out,2,T20I,U.S.A.,New York
Shreyas Iyer,27,29,2,0,93.1,6,bowled,1,Test,Australia,Nagpur
Shreyas Iyer,31,84,0,0,36.9,6,bowled,2,Test,Australia,Nagpur
Shreyas Iyer,0,7,0,0,0,6,lbw,1,Test,Australia,Delhi
Shreyas Iyer,17,58,0,0,29.31,6,caught,2,Test,Australia,Delhi
Shreyas Iyer,44,88,3,0,50,6,bowled,1,Test,Australia,Indore
Shreyas Iyer,26,102,2,0,25.49,6,lbw,2,Test,Australia,Indore
Shreyas Iyer,42,105,4,0,40,6,lbw,1,Test,Australia,Ahmedabad
Shreyas Iyer,25,53,3,0,47.16,6,bowled,2,Test,Australia,Ahmedabad
Shreyas Iyer,24,39,2,0,61.53,4,caught,1,ODI,Bangladesh,Mirpur
Shreyas Iyer,82,102,6,3,80.39,3,caught,2,ODI,Bangladesh,Mirpur
Shreyas Iyer,3,6,0,0,50,4,caught,1,ODI,Bangladesh,Chattogram
Shreyas Iyer,86,192,10,0,44.79,6,bowled,1,Test,Bangladesh,Chattogram
Shreyas Iyer,26,70,3,0,37.14,6,lbw,2,Test,Bangladesh,Chattogram
Shreyas Iyer,14,28,2,0,50,6,caught,1,Test,Bangladesh,Mirpur
Shreyas Iyer,13,23,2,0,56.52,6,caught,2,Test,Bangladesh,Mirpur
Shreyas Iyer,15,11,3,0,136.36,6,caught,1,Test,England,Birmingham
Shreyas Iyer,19,26,3,0,73.07,6,caught,3,Test,England,Birmingham
Shreyas Iyer,28,23,0,2,121.73,5,caught,2,T20I,England,Nottingham
Shreyas Iyer,13,9,1,1,144.44,4,hit wicket,1,T20I,New Zealand,Mount Maunganui
Shreyas Iyer,0,1,0,0,0,4,caught,2,T20I,New Zealand,Napier
Shreyas Iyer,80,76,4,4,105.26,3,caught,1,ODI,New Zealand,Auckland
Shreyas Iyer,49,59,8,0,83.05,3,caught,1,ODI,New Zealand,Christchurch
Shreyas Iyer,8,8,0,0,100,6,bowled,1,ODI,New Zealand,Hyderabad
Shreyas Iyer,28,29,3,0,96.55,6,caught,1,ODI,New Zealand,Raipur
Shreyas Iyer,66,63,3,1,104.76,6,caught,2,ODI,New Zealand,Indore
Shreyas Iyer,17,17,1,0,100,5,caught,2,ODI,South Africa,Paarl
Shreyas Iyer,11,14,0,0,78.57,5,lbw,1,ODI,South Africa,Paarl
Shreyas Iyer,26,34,2,0,76.47,5,caught,2,ODI,South Africa,Cape Town
Shreyas Iyer,36,27,1,3,133.33,3,bowled,1,T20I,South Africa,Delhi
Shreyas Iyer,40,35,2,2,114.28,3,caught,1,T20I,South Africa,Cuttack
Shreyas Iyer,14,11,0,2,127.27,3,caught,1,T20I,South Africa,Visakhapatnam
Shreyas Iyer,4,2,1,0,200,3,lbw,1,T20I,South Africa,Rajkot
Shreyas Iyer,0,1,0,0,0,3,not out,1,T20I,South Africa,Bengaluru
Shreyas Iyer,1,4,0,0,25,3,lbw,2,T20I,South Africa,Indore
Shreyas Iyer,50,37,8,0,135.13,5,caught,2,ODI,South Africa,Lucknow
Shreyas Iyer,113,111,15,0,101.8,4,not out,2,ODI,South Africa,Ranchi
Shreyas Iyer,28,23,3,2,121.73,4,not out,2,ODI,South Africa,Delhi
Shreyas Iyer,57,28,5,2,203.57,3,not out,1,T20I,Sri Lanka,Lucknow
Shreyas Iyer,74,44,6,4,168.18,3,not out,2,T20I,Sri Lanka,Dharamsala
Shreyas Iyer,73,45,9,1,162.22,3,not out,2,T20I,Sri Lanka,Dharamsala
Shreyas Iyer,27,48,3,0,56.25,6,lbw,1,Test,Sri Lanka,Mohali
Shreyas Iyer,92,98,10,4,93.87,6,stumped,1,Test,Sri Lanka,Bengaluru
Shreyas Iyer,67,87,9,0,77.01,6,lbw,3,Test,Sri Lanka,Bengaluru
Shreyas Iyer,28,20,2,0,140,4,caught,1,ODI,Sri Lanka,Guwahati
Shreyas Iyer,72,82,11,0,87.8,4,caught,1,ODI,Sri Lanka,Kolkata
Shreyas Iyer,113,87,15,1,129.88,4,bowled,2,ODI,Sri Lanka,Thiruvananthapuram
Shreyas Iyer,80,111,9,0,72.07,4,caught,1,ODI,West Indies,Ahmedabad
Shreyas Iyer,25,16,4,0,156.25,3,caught,1,T20I,West Indies,Eden Gardens
Shreyas Iyer,54,57,5,2,94.73,3,caught,1,ODI,West Indies,Port of Spain
Shreyas Iyer,63,71,4,1,88.73,3,lbw,2,ODI,West Indies,Port of Spain
Shreyas Iyer,44,34,4,1,129.41,3,caught,1,ODI,West Indies,Port of Spain
Shreyas Iyer,0,4,0,0,0,3,caught,1,T20I,West Indies,Tarouba
Shreyas Iyer,10,11,0,1,90.9,3,caught,1,T20I,West Indies,Basseterre
Shreyas Iyer,24,27,2,0,88.88,3,stumped,2,T20I,West Indies,Basseterre
Shreyas Iyer,64,40,8,2,160,2,caught,1,T20I,West Indies,Lauderhill
Shubman Gill,23,12,5,0,191.66,2,stumped,2,T20I,Afghanistan,Mohali
Shubman Gill,21,18,3,0,116.66,2,caught,1,Test,Australia,Indore
Shubman Gill,5,15,0,0,33.33,2,bowled,3,Test,Australia,Indore
Shubman Gill,128,235,12,1,54.46,2,lbw,2,Test,Australia,Ahmedabad
Shubman Gill,20,31,3,0,64.51,2,caught,2,ODI,Australia,Wankhede
Shubman Gill,0,2,0,0,0,2,caught,1,ODI,Australia,Visakhapatnam
Shubman Gill,37,49,4,1,75.51,2,lbw,2,ODI,Australia,Chennai
Shubman Gill,13,15,2,0,86.66,2,bowled,2,Test,Australia,The Oval
Shubman Gill,18,19,2,0,94.73,2,caught,4,Test,Australia,The Oval
Shubman Gill,74,63,6,2,117.46,2,bowled,2,ODI,Australia,Mohali
Shubman Gill,104,97,6,4,107.21,2,caught,1,ODI,Australia,Indore
Shubman Gill,4,7,0,0,57.14,2,caught,1,ODI,Australia,Ahmedabad
Shubman Gill,121,133,8,5,90.97,2,caught,2,ODI,Bangladesh,Colombo (RPS)
Shubman Gill,53,55,5,2,96.36,2,caught,2,ODI,Bangladesh,Pune
Shubman Gill,9,13,1,0,69.23,2,bowled,1,ODI,England,Lucknow
Shubman Gill,23,66,2,0,34.84,3,caught,2,Test,England,Hyderabad
Shubman Gill,0,2,0,0,0,3,caught,4,Test,England,Hyderabad
Shubman Gill,34,46,5,0,73.91,3,caught,1,Test,England,Visakhapatnam
Shubman Gill,104,147,11,2,70.74,3,caught,3,Test,England,Visakhapatnam
Shubman Gill,0,9,0,0,0,3,caught,1,Test,England,Rajkot
Shubman Gill,91,151,9,2,60.26,3,run out,3,Test,England,Rajkot
Shubman Gill,38,65,6,0,58.46,3,lbw,2,Test,England,Ranchi
Shubman Gill,52,124,0,2,41.93,3,not out,4,Test,England,Ranchi
Shubman Gill,110,150,12,5,73.33,3,bowled,2,Test,England,Dharamsala
Shubman Gill,67,62,8,1,108.06,2,not out,2,ODI,Nepal,Pallekele
Shubman Gill,51,32,3,4,159.37,2,caught,1,ODI,Netherlands,Bengaluru
Shubman Gill,208,149,19,9,139.59,2,caught,1,ODI,New Zealand,Hyderabad
Shubman Gill,40,53,6,0,75.47,2,not out,2,ODI,New Zealand,Raipur
Shubman Gill,112,78,13,5,143.58,2,caught,1,ODI,New Zealand,Indore
Shubman Gill,7,6,1,0,116.66,1,caught,2,T20I,New Zealand,Ranchi
Shubman Gill,11,9,2,0,122.22,1,caught,2,T20I,New Zealand,Lucknow
Shubman Gill,126,63,12,7,200,2,not out,1,T20I,New Zealand,Ahmedabad
Shubman Gill,26,31,5,0,83.87,2,caught,2,ODI,New Zealand,Dharamsala
Shubman Gill,80,66,8,3,121.21,2,not out,1,ODI,New Zealand,Wankhede
Shubman Gill,10,32,1,0,31.25,2,bowled,1,ODI,Pakistan,Pallekele
Shubman Gill,58,52,10,0,111.53,2,caught,1,ODI,Pakistan,Colombo (RPS)
Shubman Gill,16,11,4,0,145.45,2,caught,2,ODI,Pakistan,Ahmedabad
Shubman Gill,23,24,4,1,95.83,2,bowled,1,ODI,South Africa,Eden Gardens
Shubman Gill,0,2,0,0,0,2,lbw,1,T20I,South Africa,Gqeberha
Shubman Gill,8,6,2,0,133.33,2,lbw,1,T20I,South Africa,Johannesburg
Shubman Gill,2,12,0,0,16.66,3,caught,1,Test,South Africa,Centurion
Shubman Gill,26,37,6,0,70.27,3,bowled,3,Test,South Africa,Centurion
Shubman Gill,36,55,5,0,65.45,3,caught,2,Test,South Africa,Cape Town
Shubman Gill,10,11,2,0,90.9,3,bowled,4,Test,South Africa,Cape Town
Shubman Gill,46,36,2,3,127.77,2,bowled,1,T20I,Sri Lanka,Rajkot
Shubman Gill,70,60,11,0,116.66,2,lbw,1,ODI,Sri Lanka,Guwahati
Shubman Gill,21,12,5,0,175,2,caught,2,ODI,Sri Lanka,Eden Gardens
Shubman Gill,116,97,14,2,119.58,2,bowled,1,ODI,Sri Lanka,Thiruvananthapuram
Shubman Gill,19,25,2,0,76,2,bowled,1,ODI,Sri Lanka,Colombo (RPS)
Shubman Gill,27,19,6,0,142.1,2,not out,2,ODI,Sri Lanka,Colombo (RPS)
Shubman Gill,92,92,11,2,100,2,caught,1,ODI,Sri Lanka,Wankhede
Shubman Gill,6,11,1,0,54.54,3,caught,2,Test,West Indies,Roseau
Shubman Gill,10,12,2,0,83.33,3,caught,1,Test,West Indies,Port of Spain
Shubman Gill,29,37,1,0,78.37,3,not out,3,Test,West Indies,Port of Spain
Shubman Gill,7,16,1,0,43.75,2,caught,2,ODI,West Indies,Bridgetown
Shubman Gill,34,49,5,0,69.38,2,caught,1,ODI,West Indies,Bridgetown
Shubman Gill,85,92,11,0,92.39,2,caught,1,ODI,West Indies,Tarouba
Shubman Gill,3,9,0,0,33.33,2,stumped,2,T20I,West Indies,Tarouba
Shubman Gill,7,9,0,1,77.77,2,caught,1,T20I,West Indies,Providence
Shubman Gill,6,11,1,0,54.54,2,caught,2,T20I,West Indies,Providence
Shubman Gill,77,47,3,5,163.82,2,caught,2,T20I,West Indies,Lauderhill
Shubman Gill,9,9,1,0,100,2,lbw,1,T20I,West Indies,Lauderhill
Srikar Bharat,8,10,1,0,80,8,lbw,2,Test,Australia,Nagpur
Srikar Bharat,6,12,1,0,50,7,caught,2,Test,Australia,Delhi
Srikar Bharat,23,22,3,1,104.54,6,not out,4,Test,Australia,Delhi
Srikar Bharat,17,30,1,1,56.66,7,lbw,1,Test,Australia,Indore
Srikar Bharat,3,8,0,0,37.5,7,bowled,3,Test,Australia,Indore
Srikar Bharat,44,88,2,3,50,6,caught,2,Test,Australia,Ahmedabad
Srikar Bharat,5,15,0,0,33.33,7,bowled,2,Test,Australia,The Oval
Srikar Bharat,23,41,2,0,56.09,7,caught,4,Test,Australia,The Oval
Srikar Bharat,41,81,3,0,50.61,7,lbw,2,Test,England,Hyderabad
Srikar Bharat,28,59,3,0,47.45,8,bowled,4,Test,England,Hyderabad
Srikar Bharat,17,23,2,1,73.91,7,caught,1,Test,England,Visakhapatnam
Srikar Bharat,6,28,1,0,21.42,7,caught,3,Test,England,Visakhapatnam
Suryakumar Yadav,53,28,5,3,189.28,4,caught,1,T20I,Afghanistan,Bridgetown
Suryakumar Yadav,8,20,1,0,40,6,bowled,2,Test,Australia,Nagpur
Suryakumar Yadav,0,1,0,0,0,4,lbw,2,ODI,Australia,Wankhede
Suryakumar Yadav,0,1,0,0,0,4,lbw,1,ODI,Australia,Visakhapatnam
Suryakumar Yadav,0,1,0,0,0,7,bowled,2,ODI,Australia,Chennai
Suryakumar Yadav,50,49,5,1,102.04,6,caught,2,ODI,Australia,Mohali
Suryakumar Yadav,72,37,6,6,194.59,6,not out,1,ODI,Australia,Indore
Suryakumar Yadav,8,7,1,0,114.28,6,caught,2,ODI,Australia,Rajkot
Suryakumar Yadav,18,28,1,0,64.28,7,caught,1,ODI,Australia,Ahmedabad
Suryakumar Yadav,80,42,9,4,190.47,4,caught,2,T20I,Australia,Visakhapatnam
Suryakumar Yadav,19,10,0,2,190,4,caught,1,T20I,Australia,Thiruvananthapuram
Suryakumar Yadav,39,29,5,2,134.48,4,caught,1,T20I,Australia,Guwahati
Suryakumar Yadav,1,2,0,0,50,4,caught,1,T20I,Australia,Raipur
Suryakumar Yadav,5,7,0,0,71.42,4,caught,1,T20I,Australia,Bengaluru
Suryakumar Yadav,31,16,3,2,193.75,4,caught,1,T20I,Australia,Gros Islet
Suryakumar Yadav,26,34,3,0,76.47,6,bowled,2,ODI,Bangladesh,Colombo (RPS)
Suryakumar Yadav,6,2,0,1,300,4,caught,1,T20I,Bangladesh,North Sound
Suryakumar Yadav,49,47,4,1,104.25,6,caught,1,ODI,England,Lucknow
Suryakumar Yadav,47,36,4,2,130.55,4,caught,1,T20I,England,Providence
Suryakumar Yadav,2,4,0,0,50,4,caught,2,T20I,Ireland,New York
Suryakumar Yadav,2,1,0,0,200,6,not out,1,ODI,Netherlands,Bengaluru
Suryakumar Yadav,14,9,0,2,155.55,5,caught,1,ODI,New Zealand,Indore
Suryakumar Yadav,47,34,6,2,138.23,4,caught,2,T20I,New Zealand,Ranchi
Suryakumar Yadav,26,31,1,0,83.87,4,not out,2,T20I,New Zealand,Lucknow
Suryakumar Yadav,24,13,1,2,184.61,4,caught,1,T20I,New Zealand,Ahmedabad
Suryakumar Yadav,2,4,0,0,50,6,run out,2,ODI,New Zealand,Dharamsala
Suryakumar Yadav,1,2,0,0,50,6,caught,1,ODI,New Zealand,Wankhede
Suryakumar Yadav,7,8,1,0,87.5,5,caught,1,T20I,Pakistan,New York
Suryakumar Yadav,22,14,5,0,157.14,6,caught,1,ODI,South Africa,Eden Gardens
Suryakumar Yadav,56,36,5,3,155.55,4,caught,1,T20I,South Africa,Gqeberha
Suryakumar Yadav,100,56,7,8,178.57,4,caught,1,T20I,South Africa,Johannesburg
Suryakumar Yadav,3,4,0,0,75,4,caught,1,T20I,South Africa,Bridgetown
Suryakumar Yadav,12,9,2,0,133.33,6,caught,1,ODI,Sri Lanka,Wankhede
Suryakumar Yadav,50,49,2,2,102.04,4,not out,2,T20I,U.S.A.,New York
Suryakumar Yadav,19,25,3,1,76,3,lbw,2,ODI,West Indies,Bridgetown
Suryakumar Yadav,24,25,3,0,96,6,caught,1,ODI,West Indies,Bridgetown
Suryakumar Yadav,35,30,2,2,116.66,6,caught,1,ODI,West Indies,Tarouba
Suryakumar Yadav,21,21,2,1,100,3,caught,2,T20I,West Indies,Tarouba
Suryakumar Yadav,1,3,0,0,33.33,3,run out,1,T20I,West Indies,Providence
Suryakumar Yadav,83,44,10,4,188.63,3,caught,2,T20I,West Indies,Providence
Suryakumar Yadav,61,45,4,3,135.55,3,lbw,1,T20I,West Indies,Lauderhill
Tilak Varma,26,22,2,1,118.18,3,caught,2,T20I,Afghanistan,Mohali
Tilak Varma,12,10,2,0,120,5,caught,2,T20I,Australia,Visakhapatnam
Tilak Varma,7,2,0,1,350,6,not out,1,T20I,Australia,Thiruvananthapuram
Tilak Varma,31,24,4,0,129.16,5,not out,1,T20I,Australia,Guwahati
Tilak Varma,5,9,1,0,55.55,3,bowled,2,ODI,Bangladesh,Colombo (RPS)
Tilak Varma,55,26,2,6,211.53,3,not out,2,T20I,Bangladesh,Hangzhou
Tilak Varma,0,1,0,0,0,3,caught,2,T20I,Ireland,Dublin (Malahide)
Tilak Varma,1,2,0,0,50,3,caught,1,T20I,Ireland,Dublin (Malahide)
Tilak Varma,2,10,0,0,20,3,bowled,1,T20I,Nepal,Hangzhou
Tilak Varma,29,20,4,1,145,3,caught,1,T20I,South Africa,Gqeberha
Tilak Varma,0,1,0,0,0,3,caught,1,T20I,South Africa,Johannesburg
Tilak Varma,1,3,0,0,33.33,4,not out,2,ODI,South Africa,Johannesburg
Tilak Varma,10,30,0,0,33.33,3,caught,1,ODI,South Africa,Gqeberha
Tilak Varma,52,77,5,1,67.53,5,caught,1,ODI,South Africa,Paarl
Tilak Varma,39,22,2,3,177.27,4,caught,2,T20I,West Indies,Tarouba
Tilak Varma,51,41,5,1,124.39,4,caught,1,T20I,West Indies,Providence
Tilak Varma,49,37,4,1,132.43,4,not out,2,T20I,West Indies,Providence
Tilak Varma,7,5,1,0,140,3,not out,2,T20I,West Indies,Lauderhill
Tilak Varma,27,18,3,2,150,4,caught,1,T20I,West Indies,Lauderhill
Virat Kohli,55,56,6,0,98.21,3,not out,2,ODI,Afghanistan,Delhi
Virat Kohli,29,16,5,0,181.25,3,caught,2,T20I,Afghanistan,Indore
Virat Kohli,0,1,0,0,0,3,caught,1,T20I,Afghanistan,Bengaluru
Virat Kohli,24,24,0,1,100,2,caught,1,T20I,Afghanistan,Bridgetown
Virat Kohli,56,61,5,1,91.8,3,caught,2,ODI,Australia,Rajkot
Virat Kohli,85,116,6,0,73.27,3,caught,2,ODI,Australia,Chennai
Virat Kohli,54,63,4,0,85.71,3,bowled,1,ODI,Australia,Ahmedabad
Virat Kohli,0,5,0,0,0,2,caught,1,T20I,Australia,Gros Islet
Virat Kohli,103,97,6,4,106.18,3,not out,2,ODI,Bangladesh,Pune
Virat Kohli,37,28,1,3,132.14,2,bowled,1,T20I,Bangladesh,North Sound
Virat Kohli,0,9,0,0,0,3,caught,1,ODI,England,Lucknow
Virat Kohli,9,9,0,1,100,2,bowled,1,T20I,England,Providence
Virat Kohli,1,5,0,0,20,2,caught,2,T20I,Ireland,New York
Virat Kohli,51,56,5,1,91.07,3,bowled,1,ODI,Netherlands,Bengaluru
Virat Kohli,95,104,8,2,91.34,3,caught,2,ODI,New Zealand,Dharamsala
Virat Kohli,117,113,9,2,103.53,3,caught,1,ODI,New Zealand,Wankhede
Virat Kohli,16,18,3,0,88.88,3,caught,2,ODI,Pakistan,Ahmedabad
Virat Kohli,4,3,1,0,133.33,2,caught,1,T20I,Pakistan,New York
Virat Kohli,101,121,10,0,83.47,3,not out,1,ODI,South Africa,Eden Gardens
Virat Kohli,38,64,5,0,59.37,4,caught,1,Test,South Africa,Centurion
Virat Kohli,76,82,12,1,92.68,4,caught,3,Test,South Africa,Centurion
Virat Kohli,46,59,6,1,77.96,4,caught,2,Test,South Africa,Cape Town
Virat Kohli,12,11,2,0,109.09,4,caught,4,Test,South Africa,Cape Town
Virat Kohli,76,59,6,2,128.81,2,caught,1,T20I,South Africa,Bridgetown
Virat Kohli,3,12,0,0,25,3,caught,1,ODI,Sri Lanka,Colombo (RPS)
Virat Kohli,88,94,11,0,93.61,3,caught,1,ODI,Sri Lanka,Wankhede
Virat Kohli,0,1,0,0,0,2,caught,2,T20I,U.S.A.,New York
Yashasvi Jaiswal,68,34,5,6,200,1,caught,2,T20I,Afghanistan,Indore
Yashasvi Jaiswal,4,6,0,0,66.66,1,caught,1,T20I,Afghanistan,Bengaluru
Yashasvi Jaiswal,21,8,2,2,262.5,1,caught,2,T20I,Australia,Visakhapatnam
Yashasvi Jaiswal,53,25,9,2,212,1,caught,1,T20I,Australia,Thiruvananthapuram
Yashasvi Jaiswal,6,6,1,0,100,1,caught,1,T20I,Australia,Guwahati
Yashasvi Jaiswal,37,28,6,1,132.14,1,caught,1,T20I,Australia,Raipur
Yashasvi Jaiswal,21,15,1,2,140,1,caught,1,T20I,Australia,Bengaluru
Yashasvi Jaiswal,0,4,0,0,0,1,caught,2,T20I,Bangladesh,Hangzhou
Yashasvi Jaiswal,80,74,10,3,108.1,1,caught,2,Test,England,Hyderabad
Yashasvi Jaiswal,15,35,2,0,42.85,2,caught,4,Test,England,Hyderabad
Yashasvi Jaiswal,209,290,19,7,72.06,1,caught,1,Test,England,Visakhapatnam
Yashasvi Jaiswal,17,27,3,0,62.96,1,caught,3,Test,England,Visakhapatnam
Yashasvi Jaiswal,10,10,2,0,100,1,caught,1,Test,England,Rajkot
Yashasvi Jaiswal,214,236,14,12,90.67,1,not out,3,Test,England,Rajkot
Yashasvi Jaiswal,73,117,8,1,62.39,1,bowled,2,Test,England,Ranchi
Yashasvi Jaiswal,37,44,5,0,84.09,2,caught,4,Test,England,Ranchi
Yashasvi Jaiswal,57,58,5,3,98.27,1,stumped,2,Test,England,Dharamsala
Yashasvi Jaiswal,24,23,3,1,104.34,1,caught,2,T20I,Ireland,Dublin (Malahide)
Yashasvi Jaiswal,18,11,2,1,163.63,1,caught,1,T20I,Ireland,Dublin (Malahide)
Yashasvi Jaiswal,100,49,8,7,204.08,1,caught,1,T20I,Nepal,Hangzhou
Yashasvi Jaiswal,0,3,0,0,0,1,caught,1,T20I,South Africa,Gqeberha
Yashasvi Jaiswal,60,41,6,3,146.34,1,caught,1,T20I,South Africa,Johannesburg
Yashasvi Jaiswal,17,37,4,0,45.94,1,caught,1,Test,South Africa,Centurion
Yashasvi Jaiswal,5,18,1,0,27.77,1,caught,3,Test,South Africa,Centurion
Yashasvi Jaiswal,0,7,0,0,0,1,bowled,2,Test,South Africa,Cape Town
Yashasvi Jaiswal,28,23,6,0,121.73,1,caught,4,Test,South Africa,Cape Town
Yashasvi Jaiswal,171,387,16,1,44.18,1,caught,2,Test,West Indies,Roseau
Yashasvi Jaiswal,57,74,9,1,77.02,1,caught,1,Test,West Indies,Port of Spain
Yashasvi Jaiswal,38,30,4,1,126.66,1,caught,3,Test,West Indies,Port of Spain
Yashasvi Jaiswal,1,2,0,0,50,1,caught,2,T20I,West Indies,Providence
Yashasvi Jaiswal,84,51,11,3,164.7,1,not out,2,T20I,West Indies,Lauderhill
Yashasvi Jaiswal,5,4,1,0,125,1,caught,1,T20I,West Indies,Lauderhill
