Player Name,Overs,Maidens,Runs,Wickets,Economy,4s,6s,Opposition,Venue,Match Type
Akash Deep,19,0,83,3,4.36,2,1,England,Ranchi,Test
Arshdeep Singh,2,0,7,1,3.5,3,2,Afghanistan,Dubai (DICS),T20I
Arshdeep Singh,3,0,17,1,5.66,1,1,Afghanistan,Hangzhou,T20I
Arshdeep Singh,4,0,41,0,10.25,1,1,Australia,Visakhapatnam,T20I
Arshdeep Singh,4,0,46,1,11.5,1,2,Australia,Thiruvananthapuram,T20I
Arshdeep Singh,4,0,44,1,11,1,2,Australia,Guwahati,T20I
Arshdeep Singh,4,0,40,2,10,1,2,Australia,Bengaluru,T20I
Arshdeep Singh,4,0,38,2,9.5,2,2,Bangladesh,Adelaide,T20I
Arshdeep Singh,3,0,10,1,3.33,1,1,Bangladesh,Hangzhou,T20I
Arshdeep Singh,3.3,1,18,2,5.14,2,2,England,Southampton,T20I
Arshdeep Singh,2,0,15,0,7.5,2,2,England,Adelaide,T20I
Arshdeep Singh,4,0,44,1,11,2,2,Hong Kong,Dubai (DICS),T20I
Arshdeep Singh,4,0,35,1,8.75,2,1,Ireland,Dublin (Malahide),T20I
Arshdeep Singh,4,0,29,1,7.25,2,2,Ireland,Dublin (Malahide),T20I
Arshdeep Singh,4,0,43,2,10.75,1,2,Nepal,Hangzhou,T20I
Arshdeep Singh,4,0,37,2,9.25,2,2,Netherlands,Sydney,T20I
Arshdeep Singh,3,0,29,0,9.66,2,2,New Zealand,Mount Maunganui,T20I
Arshdeep Singh,4,0,37,4,9.25,2,1,New Zealand,Napier,T20I
Arshdeep Singh,8.1,0,68,0,8.32,1,2,New Zealand,Auckland,ODI
Arshdeep Singh,5,1,21,0,4.2,2,2,New Zealand,Christchurch,ODI
Arshdeep Singh,4,0,51,1,12.75,2,1,New Zealand,Ranchi,T20I
Arshdeep Singh,2,0,7,2,3.5,6,1,New Zealand,Lucknow,T20I
Arshdeep Singh,3,0,16,2,5.33,2,2,New Zealand,Ahmedabad,T20I
Arshdeep Singh,3.5,0,33,2,8.6,2,1,Pakistan,Dubai (DICS),T20I
Arshdeep Singh,3.5,0,27,1,7.04,2,2,Pakistan,Dubai (DICS),T20I
Arshdeep Singh,4,0,32,3,8,2,1,Pakistan,Melbourne,T20I
Arshdeep Singh,4,0,32,3,8,2,1,South Africa,Thiruvananthapuram,T20I
Arshdeep Singh,4,0,62,2,15.5,2,2,South Africa,Guwahati,T20I
Arshdeep Singh,4,0,25,2,6.25,2,2,South Africa,Perth,T20I
Arshdeep Singh,2,0,31,0,15.5,2,2,South Africa,Gqeberha,T20I
Arshdeep Singh,2,0,13,1,6.5,3,2,South Africa,Johannesburg,T20I
Arshdeep Singh,10,0,37,5,3.7,2,1,South Africa,Johannesburg,ODI
Arshdeep Singh,8,0,28,1,3.5,2,2,South Africa,Gqeberha,ODI
Arshdeep Singh,9,1,30,4,3.33,2,2,South Africa,Paarl,ODI
Arshdeep Singh,3.5,0,40,0,10.43,2,2,Sri Lanka,Dubai (DICS),T20I
Arshdeep Singh,2,0,37,0,18.5,2,1,Sri Lanka,Pune,T20I
Arshdeep Singh,2.4,0,20,3,7.5,2,2,Sri Lanka,Rajkot,T20I
Arshdeep Singh,4,0,24,2,6,2,2,West Indies,Tarouba,T20I
Arshdeep Singh,4,0,26,1,6.5,2,2,West Indies,Basseterre,T20I
Arshdeep Singh,4,0,33,1,8.25,5,1,West Indies,Basseterre,T20I
Arshdeep Singh,3.1,0,12,3,3.78,4,2,West Indies,Lauderhill,T20I
Arshdeep Singh,2,0,18,0,9,2,2,West Indies,Lauderhill,T20I
Arshdeep Singh,4,0,31,2,7.75,1,1,West Indies,Tarouba,T20I
Arshdeep Singh,4,0,34,1,8.5,2,2,West Indies,Providence,T20I
Arshdeep Singh,3,0,33,0,11,2,1,West Indies,Providence,T20I
Arshdeep Singh,4,0,38,3,9.5,2,1,West Indies,Lauderhill,T20I
Arshdeep Singh,2,0,20,1,10,2,2,West Indies,Lauderhill,T20I
Arshdeep Singh,2,0,9,1,4.5,2,2,Zimbabwe,Melbourne,T20I
Avesh Khan,4,0,37,1,9.25,4,2,Australia,Guwahati,T20I
Avesh Khan,4,0,33,1,8.25,5,2,Australia,Raipur,T20I
Avesh Khan,4,0,39,0,9.75,2,2,Australia,Bengaluru,T20I
Avesh Khan,4,0,43,1,10.75,1,1,England,Nottingham,T20I
Avesh Khan,4,0,53,1,13.25,4,2,Hong Kong,Dubai (DICS),T20I
Avesh Khan,2,0,22,1,11,3,1,Ireland,Dublin (Malahide),T20I
Avesh Khan,4,0,32,3,8,2,2,Nepal,Hangzhou,T20I
Avesh Khan,2,0,19,1,9.5,4,1,Pakistan,Dubai (DICS),T20I
Avesh Khan,4,0,35,0,8.75,2,2,South Africa,Delhi,T20I
Avesh Khan,3,0,17,0,5.66,2,2,South Africa,Cuttack,T20I
Avesh Khan,4,0,35,0,8.75,2,2,South Africa,Visakhapatnam,T20I
Avesh Khan,4,0,18,4,4.5,3,2,South Africa,Rajkot,T20I
Avesh Khan,8,0,51,0,6.37,2,1,South Africa,Lucknow,ODI
Avesh Khan,7,0,35,0,5,4,1,South Africa,Ranchi,ODI
Avesh Khan,5,1,8,0,1.6,3,1,South Africa,Delhi,ODI
Avesh Khan,8,3,27,4,3.37,3,1,South Africa,Johannesburg,ODI
Avesh Khan,8,0,43,0,5.37,3,2,South Africa,Gqeberha,ODI
Avesh Khan,7.5,0,45,2,5.74,3,2,South Africa,Paarl,ODI
Avesh Khan,4,1,23,2,5.75,2,1,Sri Lanka,Dharamsala,T20I
Avesh Khan,4,0,42,0,10.5,2,2,West Indies,Eden Gardens,T20I
Avesh Khan,6,0,54,0,9,2,1,West Indies,Port of Spain,ODI
Avesh Khan,2.2,0,31,1,13.28,6,2,West Indies,Basseterre,T20I
Avesh Khan,3,0,47,0,15.66,3,1,West Indies,Basseterre,T20I
Avesh Khan,4,0,17,2,4.25,2,2,West Indies,Lauderhill,T20I
Avesh Khan,2,0,20,0,10,3,2,West Indies,Lauderhill,T20I
Avesh Khan,9.3,1,66,3,6.94,2,2,Zimbabwe,Harare,ODI
Axar Patel,4,0,24,0,6,4,2,Afghanistan,Dubai (DICS),T20I
Axar Patel,4,0,23,2,5.75,3,1,Afghanistan,Mohali,T20I
Axar Patel,4,0,17,2,4.25,4,1,Afghanistan,Indore,T20I
Axar Patel,3,1,15,1,5,3,2,Afghanistan,Bridgetown,T20I
Axar Patel,4,0,17,3,4.25,3,2,Australia,Mohali,T20I
Axar Patel,2,0,13,2,6.5,2,1,Australia,Nagpur,T20I
Axar Patel,4,0,33,3,8.25,2,1,Australia,Hyderabad,T20I
Axar Patel,10,3,28,0,2.8,4,1,Australia,Nagpur,Test
Axar Patel,3,0,6,1,2,5,3,Australia,Nagpur,Test
Axar Patel,12,2,34,0,2.83,5,1,Australia,Delhi,Test
Axar Patel,1,0,2,0,2,4,3,Australia,Delhi,Test
Axar Patel,13,1,33,0,2.53,3,2,Australia,Indore,Test
Axar Patel,28,8,47,1,1.67,5,1,Australia,Ahmedabad,Test
Axar Patel,19,8,36,1,1.89,4,3,Australia,Ahmedabad,Test
Axar Patel,3,0,25,0,8.33,3,2,Australia,Visakhapatnam,ODI
Axar Patel,8,0,57,2,7.12,3,1,Australia,Chennai,ODI
Axar Patel,4,0,32,0,8,3,1,Australia,Visakhapatnam,T20I
Axar Patel,4,0,25,1,6.25,4,2,Australia,Thiruvananthapuram,T20I
Axar Patel,4,0,37,1,9.25,5,2,Australia,Guwahati,T20I
Axar Patel,4,0,16,3,4,4,2,Australia,Raipur,T20I
Axar Patel,4,0,14,1,3.5,5,2,Australia,Bengaluru,T20I
Axar Patel,3,0,21,1,7,3,2,Australia,Gros Islet,T20I
Axar Patel,1,0,6,0,6,4,2,Bangladesh,Adelaide,T20I
Axar Patel,7,0,40,0,5.71,6,1,Bangladesh,Mirpur,ODI
Axar Patel,5,0,22,2,4.4,3,2,Bangladesh,Chattogram,ODI
Axar Patel,8.5,4,10,1,1.13,5,2,Bangladesh,Chattogram,Test
Axar Patel,32.2,10,77,4,2.38,4,4,Bangladesh,Chattogram,Test
Axar Patel,12,3,32,0,2.66,5,1,Bangladesh,Mirpur,Test
Axar Patel,9,0,47,1,5.22,4,1,Bangladesh,Colombo (RPS),ODI
Axar Patel,2,0,26,0,13,3,2,Bangladesh,North Sound,T20I
Axar Patel,20,3,40,2,2,3,2,England,Chennai,Test
Axar Patel,21,5,60,5,2.85,2,4,England,Chennai,Test
Axar Patel,21.4,6,38,6,1.75,3,1,England,Ahmedabad,Test
Axar Patel,15,0,32,5,2.13,1,3,England,Ahmedabad,Test
Axar Patel,26,7,68,4,2.61,3,1,England,Ahmedabad,Test
Axar Patel,24,6,48,5,2,2,3,England,Ahmedabad,Test
Axar Patel,3,0,24,0,8,1,2,England,Ahmedabad,T20I
Axar Patel,2,0,23,0,11.5,6,2,England,Southampton,T20I
Axar Patel,4,0,30,0,7.5,3,2,England,Adelaide,T20I
Axar Patel,13,1,33,2,2.53,5,1,England,Hyderabad,Test
Axar Patel,16,2,74,1,4.62,3,3,England,Hyderabad,Test
Axar Patel,4,0,24,1,6,5,2,England,Visakhapatnam,Test
Axar Patel,14,1,75,1,5.35,5,4,England,Visakhapatnam,Test
Axar Patel,4,0,23,3,5.75,3,2,England,Providence,T20I
Axar Patel,1,0,12,0,12,4,1,Ireland,Dublin (Malahide),T20I
Axar Patel,2,0,12,0,6,6,2,Ireland,Dublin (Malahide),T20I
Axar Patel,1,0,3,1,3,5,1,Ireland,New York,T20I
Axar Patel,4,0,18,2,4.5,4,2,Netherlands,Sydney,T20I
Axar Patel,4,0,31,0,7.75,5,1,New Zealand,Jaipur,T20I
Axar Patel,4,0,26,1,6.5,3,1,New Zealand,Ranchi,T20I
Axar Patel,3,0,9,3,3,3,2,New Zealand,Eden Gardens,T20I
Axar Patel,34,6,62,5,1.82,5,2,New Zealand,Kanpur,Test
Axar Patel,21,12,23,1,1.09,2,4,New Zealand,Kanpur,Test
Axar Patel,9.1,3,14,2,1.52,3,2,New Zealand,Wankhede,Test
Axar Patel,10,2,42,1,4.2,3,4,New Zealand,Wankhede,Test
Axar Patel,1,0,21,0,21,6,1,Pakistan,Melbourne,T20I
Axar Patel,2,0,11,1,5.5,6,2,Pakistan,New York,T20I
Axar Patel,4,0,40,1,10,6,2,South Africa,Delhi,T20I
Axar Patel,1,0,19,0,19,6,2,South Africa,Cuttack,T20I
Axar Patel,4,0,28,1,7,3,2,South Africa,Visakhapatnam,T20I
Axar Patel,3.5,0,19,1,4.95,6,2,South Africa,Rajkot,T20I
Axar Patel,4,0,16,1,4,5,1,South Africa,Thiruvananthapuram,T20I
Axar Patel,4,0,53,1,13.25,4,2,South Africa,Guwahati,T20I
Axar Patel,1,0,13,0,13,6,1,South Africa,Indore,T20I
Axar Patel,6,0,22,0,3.66,4,2,South Africa,Gqeberha,ODI
Axar Patel,10,0,48,1,4.8,5,2,South Africa,Paarl,ODI
Axar Patel,4,0,49,1,12.25,3,2,South Africa,Bridgetown,T20I
Axar Patel,5,1,21,1,4.2,5,2,Sri Lanka,Bengaluru,Test
Axar Patel,11,1,37,2,3.36,5,4,Sri Lanka,Bengaluru,Test
Axar Patel,3,0,31,0,10.33,6,2,Sri Lanka,Wankhede,T20I
Axar Patel,4,0,24,2,6,4,1,Sri Lanka,Pune,T20I
Axar Patel,3,0,19,1,6.33,4,2,Sri Lanka,Rajkot,T20I
Axar Patel,10,0,58,0,5.8,6,2,Sri Lanka,Guwahati,ODI
Axar Patel,5,0,16,1,3.2,6,1,Sri Lanka,Eden Gardens,ODI
Axar Patel,5,0,29,0,5.8,6,2,Sri Lanka,Colombo (RPS),ODI
Axar Patel,3,0,25,1,8.33,6,1,U.S.A.,New York,T20I
Axar Patel,7,0,43,0,6.14,4,2,West Indies,Port of Spain,ODI
Axar Patel,9,1,40,1,4.44,5,1,West Indies,Port of Spain,ODI
Axar Patel,6,0,38,1,6.33,3,2,West Indies,Port of Spain,ODI
Axar Patel,4,0,48,2,12,3,2,West Indies,Lauderhill,T20I
Axar Patel,3,1,15,3,5,1,2,West Indies,Lauderhill,T20I
Axar Patel,2,1,4,0,2,7,2,West Indies,Bridgetown,ODI
Axar Patel,2,0,22,0,11,3,1,West Indies,Tarouba,T20I
Axar Patel,4,0,24,1,6,3,1,West Indies,Providence,T20I
Axar Patel,4,0,39,1,9.75,1,1,West Indies,Lauderhill,T20I
Axar Patel,1,0,8,0,8,7,2,West Indies,Lauderhill,T20I
Axar Patel,7.3,2,24,3,3.2,5,1,Zimbabwe,Harare,ODI
Axar Patel,7,1,20,1,2.85,4,1,Zimbabwe,Harare,ODI
Axar Patel,10,1,30,2,3,6,2,Zimbabwe,Harare,ODI
Axar Patel,3.2,0,40,1,12,6,2,Zimbabwe,Melbourne,T20I
Deepak Chahar,4,0,28,0,7,2,2,Afghanistan,Dubai (DICS),T20I
Deepak Chahar,3,0,24,1,8,1,2,Bangladesh,Delhi,T20I
Deepak Chahar,4,0,25,1,6.25,1,1,Bangladesh,Rajkot,T20I
Deepak Chahar,3.2,0,7,6,2.1,3,2,Bangladesh,Nagpur,T20I
Deepak Chahar,8,1,32,1,4,1,2,Bangladesh,Mirpur,ODI
Deepak Chahar,3,0,12,0,4,1,1,Bangladesh,Mirpur,ODI
Deepak Chahar,4,0,42,1,10.5,2,1,New Zealand,Jaipur,T20I
Deepak Chahar,4,0,42,1,10.5,2,1,New Zealand,Ranchi,T20I
Deepak Chahar,2.2,0,26,1,11.14,2,2,New Zealand,Eden Gardens,T20I
Deepak Chahar,5,0,30,0,6,1,2,New Zealand,Christchurch,ODI
Deepak Chahar,4,0,22,2,5.5,2,1,South Africa,Mohali,T20I
Deepak Chahar,3,0,15,0,5,2,2,South Africa,Bengaluru,T20I
Deepak Chahar,8,0,53,2,6.62,1,1,South Africa,Cape Town,ODI
Deepak Chahar,4,0,24,2,6,1,1,South Africa,Thiruvananthapuram,T20I
Deepak Chahar,4,1,24,0,6,1,2,South Africa,Guwahati,T20I
Deepak Chahar,4,0,48,1,12,1,1,South Africa,Indore,T20I
Deepak Chahar,7,1,37,2,5.28,2,1,Sri Lanka,Colombo (RPS),ODI
Deepak Chahar,8,0,53,2,6.62,2,1,Sri Lanka,Colombo (RPS),ODI
Deepak Chahar,3,0,24,2,8,2,2,Sri Lanka,Colombo (RPS),T20I
Deepak Chahar,3,1,4,3,1.33,2,1,West Indies,Providence,T20I
Deepak Chahar,4,0,56,1,14,2,1,West Indies,Hyderabad,T20I
Deepak Chahar,3.3,0,35,0,10,1,2,West Indies,Thiruvananthapuram,T20I
Deepak Chahar,4,0,20,2,5,1,2,West Indies,Wankhede,T20I
Deepak Chahar,10,1,48,1,4.8,1,2,West Indies,Chennai,ODI
Deepak Chahar,7,1,44,0,6.28,1,2,West Indies,Visakhapatnam,ODI
Deepak Chahar,8,1,41,2,5.12,1,2,West Indies,Ahmedabad,ODI
Deepak Chahar,3,0,28,1,9.33,2,1,West Indies,Eden Gardens,T20I
Deepak Chahar,4,0,40,0,10,2,2,West Indies,Eden Gardens,T20I
Deepak Chahar,1.5,0,15,2,8.18,1,2,West Indies,Eden Gardens,T20I
Deepak Chahar,7,0,27,3,3.85,1,1,Zimbabwe,Harare,ODI
Deepak Chahar,10,0,75,2,7.5,1,2,Zimbabwe,Harare,ODI
Hardik Pandya,2,0,23,0,11.5,3,2,Afghanistan,Abu Dhabi,T20I
Hardik Pandya,7,0,43,2,6.14,3,1,Afghanistan,Delhi,ODI
Hardik Pandya,2,0,22,0,11,6,2,Australia,Mohali,T20I
Hardik Pandya,1,0,10,0,10,1,1,Australia,Nagpur,T20I
Hardik Pandya,3,0,23,0,7.66,4,1,Australia,Hyderabad,T20I
Hardik Pandya,5,0,29,1,5.8,3,1,Australia,Wankhede,ODI
Hardik Pandya,1,0,18,0,18,4,2,Australia,Visakhapatnam,ODI
Hardik Pandya,8,0,44,3,5.5,4,1,Australia,Chennai,ODI
Hardik Pandya,3,0,28,1,9.33,3,1,Australia,Chennai,ODI
Hardik Pandya,3,0,28,2,9.33,6,2,Bangladesh,Adelaide,T20I
Hardik Pandya,0.3,0,8,0,16,3,1,Bangladesh,Pune,ODI
Hardik Pandya,2,0,13,0,6.5,5,2,England,Ahmedabad,T20I
Hardik Pandya,4,0,33,0,8.25,4,1,England,Ahmedabad,T20I
Hardik Pandya,3,0,22,0,7.33,4,2,England,Ahmedabad,T20I
Hardik Pandya,4,0,16,2,4,2,2,England,Ahmedabad,T20I
Hardik Pandya,4,0,34,1,8.5,2,2,England,Ahmedabad,T20I
Hardik Pandya,9,0,48,0,5.33,5,2,England,Pune,ODI
Hardik Pandya,4,0,33,4,8.25,3,2,England,Southampton,T20I
Hardik Pandya,3,0,29,1,9.66,3,2,England,Birmingham,T20I
Hardik Pandya,4,0,22,0,5.5,3,1,England,The Oval,ODI
Hardik Pandya,6,0,28,2,4.66,3,1,England,Lord's,ODI
Hardik Pandya,7,3,24,4,3.42,4,1,England,Manchester,ODI
Hardik Pandya,3,0,34,0,11.33,6,2,England,Adelaide,T20I
Hardik Pandya,2,0,26,1,13,2,1,Ireland,Dublin (Malahide),T20I
Hardik Pandya,2,0,18,0,9,2,2,Ireland,Dublin (Malahide),T20I
Hardik Pandya,8,3,34,1,4.25,3,1,Nepal,Pallekele,ODI
Hardik Pandya,1,0,9,0,9,5,2,Netherlands,Sydney,T20I
Hardik Pandya,2,0,17,0,8.5,6,2,New Zealand,Dubai (DICS),T20I
Hardik Pandya,7,0,70,1,10,3,2,New Zealand,Hyderabad,ODI
Hardik Pandya,6,3,16,2,2.66,4,1,New Zealand,Raipur,ODI
Hardik Pandya,6,0,37,1,6.16,1,2,New Zealand,Indore,ODI
Hardik Pandya,3,0,33,0,11,1,1,New Zealand,Ranchi,T20I
Hardik Pandya,4,0,25,1,6.25,1,1,New Zealand,Lucknow,T20I
Hardik Pandya,4,0,16,4,4,1,2,New Zealand,Ahmedabad,T20I
Hardik Pandya,4,0,25,3,6.25,3,1,Pakistan,Dubai (DICS),T20I
Hardik Pandya,4,0,44,1,11,4,2,Pakistan,Dubai (DICS),T20I
Hardik Pandya,4,0,30,3,7.5,4,1,Pakistan,Melbourne,T20I
Hardik Pandya,5,0,17,1,3.4,3,2,Pakistan,Colombo (RPS),ODI
Hardik Pandya,6,0,34,2,5.66,3,1,Pakistan,Ahmedabad,ODI
Hardik Pandya,1,0,18,0,18,4,2,South Africa,Delhi,T20I
Hardik Pandya,3,0,31,0,10.33,3,2,South Africa,Cuttack,T20I
Hardik Pandya,1,0,12,0,12,2,2,South Africa,Rajkot,T20I
Hardik Pandya,4,0,29,1,7.25,4,2,South Africa,Perth,T20I
Hardik Pandya,5,0,34,1,6.8,3,1,Sri Lanka,Colombo (RPS),ODI
Hardik Pandya,4,0,20,0,5,3,1,Sri Lanka,Colombo (RPS),ODI
Hardik Pandya,5,0,43,1,8.6,5,2,Sri Lanka,Colombo (RPS),ODI
Hardik Pandya,2,0,17,1,8.5,6,2,Sri Lanka,Colombo (RPS),T20I
Hardik Pandya,4,0,35,0,8.75,3,2,Sri Lanka,Dubai (DICS),T20I
Hardik Pandya,3,0,12,0,4,1,2,Sri Lanka,Wankhede,T20I
Hardik Pandya,2,0,13,0,6.5,1,1,Sri Lanka,Pune,T20I
Hardik Pandya,4,0,30,2,7.5,1,2,Sri Lanka,Rajkot,T20I
Hardik Pandya,6,0,33,1,5.5,3,2,Sri Lanka,Guwahati,ODI
Hardik Pandya,5,0,26,0,5.2,3,1,Sri Lanka,Eden Gardens,ODI
Hardik Pandya,5,0,14,1,2.8,3,2,Sri Lanka,Colombo (RPS),ODI
Hardik Pandya,2.2,0,3,3,1.28,3,1,Sri Lanka,Colombo (RPS),ODI
Hardik Pandya,2,0,12,0,6,5,2,West Indies,Tarouba,T20I
Hardik Pandya,4,0,22,1,5.5,5,2,West Indies,Basseterre,T20I
Hardik Pandya,4,0,19,1,4.75,4,1,West Indies,Basseterre,T20I
Hardik Pandya,2,0,19,0,9.5,4,2,West Indies,Lauderhill,T20I
Hardik Pandya,3,0,17,1,5.66,1,1,West Indies,Bridgetown,ODI
Hardik Pandya,6.4,0,38,0,5.7,1,2,West Indies,Bridgetown,ODI
Hardik Pandya,4,1,13,0,3.25,2,2,West Indies,Tarouba,ODI
Hardik Pandya,4,0,27,1,6.75,5,1,West Indies,Tarouba,T20I
Hardik Pandya,4,0,35,3,8.75,1,2,West Indies,Providence,T20I
Hardik Pandya,3,0,18,0,6,1,1,West Indies,Providence,T20I
Hardik Pandya,1,0,14,0,14,5,1,West Indies,Lauderhill,T20I
Hardik Pandya,3,0,32,0,10.66,1,2,West Indies,Lauderhill,T20I
Hardik Pandya,3,0,16,2,5.33,4,2,Zimbabwe,Melbourne,T20I
Jasprit Bumrah,10,1,39,2,3.9,2,2,Afghanistan,Southampton,ODI
Jasprit Bumrah,10,0,39,4,3.9,1,1,Afghanistan,Delhi,ODI
Jasprit Bumrah,4,0,25,1,6.25,2,2,Afghanistan,Abu Dhabi,T20I
Jasprit Bumrah,4,1,7,3,1.75,2,2,Afghanistan,Bridgetown,T20I
Jasprit Bumrah,10,0,60,2,6,2,1,Australia,Hyderabad,ODI
Jasprit Bumrah,10,0,29,2,2.9,2,2,Australia,Nagpur,ODI
Jasprit Bumrah,10,0,53,0,5.3,2,1,Australia,Ranchi,ODI
Jasprit Bumrah,8.5,0,63,3,7.13,2,2,Australia,Mohali,ODI
Jasprit Bumrah,10,0,39,0,3.9,3,1,Australia,Delhi,ODI
Jasprit Bumrah,10,1,61,3,6.1,2,2,Australia,The Oval,ODI
Jasprit Bumrah,7,0,50,0,7.14,2,2,Australia,Wankhede,ODI
Jasprit Bumrah,9.1,2,32,1,3.49,1,2,Australia,Rajkot,ODI
Jasprit Bumrah,10,0,38,0,3.8,1,1,Australia,Bengaluru,ODI
Jasprit Bumrah,10,0,73,1,7.3,2,1,Australia,Sydney,ODI
Jasprit Bumrah,10,1,79,1,7.9,2,1,Australia,Sydney,ODI
Jasprit Bumrah,9.3,0,43,2,4.52,1,2,Australia,Canberra,ODI
Jasprit Bumrah,10,2,43,1,4.3,2,1,Australia,Mohali,ODI
Jasprit Bumrah,10,0,81,3,8.1,1,1,Australia,Rajkot,ODI
Jasprit Bumrah,10,0,35,2,3.5,1,1,Australia,Chennai,ODI
Jasprit Bumrah,9,2,43,2,4.77,1,2,Australia,Ahmedabad,ODI
Jasprit Bumrah,4,0,20,1,5,3,1,Australia,Melbourne,T20I
Jasprit Bumrah,4,0,38,0,9.5,3,1,Australia,Sydney,T20I
Jasprit Bumrah,3,0,21,1,7,2,1,Australia,Brisbane,T20I
Jasprit Bumrah,4,0,16,3,4,1,2,Australia,Visakhapatnam,T20I
Jasprit Bumrah,4,0,30,0,7.5,2,2,Australia,Bengaluru,T20I
Jasprit Bumrah,2,0,23,1,11.5,4,1,Australia,Nagpur,T20I
Jasprit Bumrah,4,0,50,0,12.5,3,1,Australia,Hyderabad,T20I
Jasprit Bumrah,4,0,29,1,7.25,2,2,Australia,Gros Islet,T20I
Jasprit Bumrah,26,8,53,2,2.03,2,1,Australia,Perth,Test
Jasprit Bumrah,25.2,10,39,3,1.53,2,3,Australia,Perth,Test
Jasprit Bumrah,24,9,47,3,1.95,2,2,Australia,Adelaide,Test
Jasprit Bumrah,24,8,68,3,2.83,2,4,Australia,Adelaide,Test
Jasprit Bumrah,19,3,53,3,2.78,2,4,Australia,Melbourne,Test
Jasprit Bumrah,15.5,4,33,6,2.08,2,2,Australia,Melbourne,Test
Jasprit Bumrah,21,5,62,1,2.95,2,2,Australia,Sydney,Test
Jasprit Bumrah,2,1,2,0,1,2,3,Australia,Sydney,Test
Jasprit Bumrah,21,7,52,2,2.47,2,2,Australia,Adelaide,Test
Jasprit Bumrah,7,1,27,0,3.85,2,4,Australia,Adelaide,Test
Jasprit Bumrah,16,4,56,4,3.5,1,1,Australia,Melbourne,Test
Jasprit Bumrah,27,6,54,2,2,1,3,Australia,Melbourne,Test
Jasprit Bumrah,25.4,7,66,2,2.57,1,1,Australia,Sydney,Test
Jasprit Bumrah,21,4,68,1,3.23,1,3,Australia,Sydney,Test
Jasprit Bumrah,9.1,1,37,3,4.03,2,1,Bangladesh,Dubai (DICS),ODI
Jasprit Bumrah,8.3,0,39,1,4.58,2,1,Bangladesh,Dubai (DICS),ODI
Jasprit Bumrah,10,1,55,4,5.5,2,2,Bangladesh,Birmingham,ODI
Jasprit Bumrah,10,1,41,2,4.1,1,1,Bangladesh,Pune,ODI
Jasprit Bumrah,4,0,13,2,3.25,2,2,Bangladesh,North Sound,T20I
Jasprit Bumrah,10,1,44,1,4.4,2,1,England,Birmingham,ODI
Jasprit Bumrah,7.2,3,19,6,2.59,2,1,England,The Oval,ODI
Jasprit Bumrah,10,1,49,2,4.9,2,1,England,Lord's,ODI
Jasprit Bumrah,6.5,1,32,3,4.68,1,2,England,Lucknow,ODI
Jasprit Bumrah,3,1,10,2,3.33,2,2,England,Birmingham,T20I
Jasprit Bumrah,2.4,0,12,2,4.5,2,2,England,Providence,T20I
Jasprit Bumrah,30,9,83,3,2.76,1,1,England,The Oval,Test
Jasprit Bumrah,29,8,85,5,2.93,1,4,England,Nottingham,Test
Jasprit Bumrah,23,4,61,0,2.65,1,3,England,The Oval,Test
Jasprit Bumrah,20,5,46,3,2.3,1,1,England,Southampton,Test
Jasprit Bumrah,19,3,51,1,2.68,2,3,England,Southampton,Test
Jasprit Bumrah,12.2,2,37,2,3,2,2,England,Nottingham,Test
Jasprit Bumrah,36,7,84,3,2.33,2,1,England,Chennai,Test
Jasprit Bumrah,6,0,26,1,4.33,4,3,England,Chennai,Test
Jasprit Bumrah,6,3,19,0,3.16,2,1,England,Ahmedabad,Test
Jasprit Bumrah,20.4,4,46,4,2.22,1,1,England,Nottingham,Test
Jasprit Bumrah,19,2,64,5,3.36,1,3,England,Nottingham,Test
Jasprit Bumrah,26,6,79,0,3.03,2,2,England,Lord's,Test
Jasprit Bumrah,15,3,33,3,2.2,1,4,England,Lord's,Test
Jasprit Bumrah,27.2,10,59,2,2.15,2,2,England,Leeds,Test
Jasprit Bumrah,21,6,67,2,3.19,2,2,England,The Oval,Test
Jasprit Bumrah,22,9,27,2,1.22,2,4,England,The Oval,Test
Jasprit Bumrah,19,3,68,3,3.57,1,2,England,Birmingham,Test
Jasprit Bumrah,17,1,74,2,4.35,1,4,England,Birmingham,Test
Jasprit Bumrah,8.3,1,28,2,3.29,1,1,England,Hyderabad,Test
Jasprit Bumrah,16.1,4,41,4,2.53,1,3,England,Hyderabad,Test
Jasprit Bumrah,15.5,5,45,6,2.84,1,2,England,Visakhapatnam,Test
Jasprit Bumrah,17.2,4,46,3,2.65,1,4,England,Visakhapatnam,Test
Jasprit Bumrah,15,1,54,1,3.6,1,2,England,Rajkot,Test
Jasprit Bumrah,8,1,18,1,2.25,1,4,England,Rajkot,Test
Jasprit Bumrah,13,2,51,0,3.92,1,1,England,Dharamsala,Test
Jasprit Bumrah,10,2,38,2,3.8,1,3,England,Dharamsala,Test
Jasprit Bumrah,4,1,19,2,4.75,2,2,Ireland,Dublin (Malahide),T20I
Jasprit Bumrah,4,0,24,2,6,1,1,Ireland,Dublin (Malahide),T20I
Jasprit Bumrah,4,1,15,2,3.75,1,2,Ireland,Dublin (Malahide),T20I
Jasprit Bumrah,3,1,6,2,2,3,1,Ireland,New York,T20I
Jasprit Bumrah,4,0,19,2,4.75,2,1,Namibia,Dubai (DICS),T20I
Jasprit Bumrah,9,1,33,2,3.66,1,2,Netherlands,Bengaluru,ODI
Jasprit Bumrah,10,1,39,1,3.9,2,1,New Zealand,Manchester,ODI
Jasprit Bumrah,10,1,53,0,5.3,1,2,New Zealand,Hamilton,ODI
Jasprit Bumrah,10,0,64,0,6.4,2,1,New Zealand,Auckland,ODI
Jasprit Bumrah,10,0,50,0,5,1,2,New Zealand,Mount Maunganui,ODI
Jasprit Bumrah,10,1,45,1,4.5,1,1,New Zealand,Dharamsala,ODI
Jasprit Bumrah,10,1,64,1,6.4,1,2,New Zealand,Wankhede,ODI
Jasprit Bumrah,4,0,31,1,7.75,1,1,New Zealand,Auckland,T20I
Jasprit Bumrah,4,0,21,1,5.25,3,1,New Zealand,Auckland,T20I
Jasprit Bumrah,4,0,45,0,11.25,3,2,New Zealand,Hamilton,T20I
Jasprit Bumrah,4,0,20,1,5,3,2,New Zealand,Wellington,T20I
Jasprit Bumrah,4,1,12,3,3,2,2,New Zealand,Mount Maunganui,T20I
Jasprit Bumrah,4,0,19,2,4.75,2,2,New Zealand,Dubai (DICS),T20I
Jasprit Bumrah,26,5,88,1,3.38,1,2,New Zealand,Wellington,Test
Jasprit Bumrah,0.4,0,1,0,1.5,2,4,New Zealand,Wellington,Test
Jasprit Bumrah,22,5,62,3,2.81,1,2,New Zealand,Christchurch,Test
Jasprit Bumrah,13,2,39,2,3,1,4,New Zealand,Christchurch,Test
Jasprit Bumrah,26,9,57,0,2.19,2,2,New Zealand,Southampton,Test
Jasprit Bumrah,10.4,2,35,0,3.28,3,4,New Zealand,Southampton,Test
Jasprit Bumrah,10,1,29,2,2.9,2,1,Pakistan,Dubai (DICS),ODI
Jasprit Bumrah,7.1,2,23,2,3.2,2,1,Pakistan,Dubai (DICS),ODI
Jasprit Bumrah,8,0,52,0,6.5,2,2,Pakistan,Manchester,ODI
Jasprit Bumrah,5,1,18,1,3.6,1,2,Pakistan,Colombo (RPS),ODI
Jasprit Bumrah,7,1,19,2,2.71,1,1,Pakistan,Ahmedabad,ODI
Jasprit Bumrah,3,0,22,0,7.33,3,2,Pakistan,Dubai (DICS),T20I
Jasprit Bumrah,4,0,14,3,3.5,3,2,Pakistan,New York,T20I
Jasprit Bumrah,3.4,1,10,2,2.72,1,1,Scotland,Dubai (DICS),T20I
Jasprit Bumrah,10,0,56,1,5.6,2,1,South Africa,Durban,ODI
Jasprit Bumrah,8,1,24,2,3,2,1,South Africa,Centurion,ODI
Jasprit Bumrah,7,0,32,2,4.57,2,2,South Africa,Cape Town,ODI
Jasprit Bumrah,7,0,22,1,3.14,2,2,South Africa,Gqeberha,ODI
Jasprit Bumrah,5,1,12,1,2.4,2,1,South Africa,Centurion,ODI
Jasprit Bumrah,5,0,21,1,4.2,2,2,South Africa,Johannesburg,ODI
Jasprit Bumrah,10,1,35,2,3.5,2,1,South Africa,Southampton,ODI
Jasprit Bumrah,10,0,48,2,4.8,1,1,South Africa,Paarl,ODI
Jasprit Bumrah,10,0,37,1,3.7,1,2,South Africa,Paarl,ODI
Jasprit Bumrah,10,0,52,2,5.2,2,1,South Africa,Cape Town,ODI
Jasprit Bumrah,5,0,14,0,2.8,1,2,South Africa,Eden Gardens,ODI
Jasprit Bumrah,4,0,32,0,8,3,2,South Africa,Johannesburg,T20I
Jasprit Bumrah,4,0,39,1,9.75,2,2,South Africa,Cape Town,T20I
Jasprit Bumrah,4,0,18,2,4.5,2,2,South Africa,Bridgetown,T20I
Jasprit Bumrah,22,6,60,0,2.72,1,1,South Africa,Centurion,Test
Jasprit Bumrah,21,3,57,2,2.71,3,4,South Africa,Johannesburg,Test
Jasprit Bumrah,20,3,70,3,3.5,2,3,South Africa,Centurion,Test
Jasprit Bumrah,19,1,73,1,3.84,3,1,South Africa,Cape Town,Test
Jasprit Bumrah,18.5,2,54,5,2.86,2,2,South Africa,Johannesburg,Test
Jasprit Bumrah,11.2,1,39,3,3.44,2,3,South Africa,Cape Town,Test
Jasprit Bumrah,7.2,2,16,2,2.18,1,2,South Africa,Centurion,Test
Jasprit Bumrah,19,4,50,3,2.63,1,4,South Africa,Centurion,Test
Jasprit Bumrah,21,5,49,1,2.33,1,2,South Africa,Johannesburg,Test
Jasprit Bumrah,17,2,70,0,4.11,1,4,South Africa,Johannesburg,Test
Jasprit Bumrah,23.3,8,42,5,1.78,1,2,South Africa,Cape Town,Test
Jasprit Bumrah,17,5,54,1,3.17,1,4,South Africa,Cape Town,Test
Jasprit Bumrah,26.4,5,69,4,2.58,1,2,South Africa,Centurion,Test
Jasprit Bumrah,8,1,25,2,3.12,1,1,South Africa,Cape Town,Test
Jasprit Bumrah,13.5,0,61,6,4.4,1,3,South Africa,Cape Town,Test
Jasprit Bumrah,10,2,37,3,3.7,2,1,Sri Lanka,Leeds,ODI
Jasprit Bumrah,7,1,30,2,4.28,1,2,Sri Lanka,Colombo (RPS),ODI
Jasprit Bumrah,5,1,23,1,4.6,1,1,Sri Lanka,Colombo (RPS),ODI
Jasprit Bumrah,5,1,8,1,1.6,1,2,Sri Lanka,Wankhede,ODI
Jasprit Bumrah,4,0,32,1,8,1,1,Sri Lanka,Indore,T20I
Jasprit Bumrah,2,1,5,1,2.5,1,2,Sri Lanka,Pune,T20I
Jasprit Bumrah,3,0,19,0,6.33,2,2,Sri Lanka,Lucknow,T20I
Jasprit Bumrah,4,0,24,1,6,2,1,Sri Lanka,Dharamsala,T20I
Jasprit Bumrah,14,3,36,2,2.57,2,2,Sri Lanka,Mohali,Test
Jasprit Bumrah,4,1,7,0,1.75,5,3,Sri Lanka,Mohali,Test
Jasprit Bumrah,10,4,24,5,2.4,1,2,Sri Lanka,Bengaluru,Test
Jasprit Bumrah,9,4,23,3,2.55,1,4,Sri Lanka,Bengaluru,Test
Jasprit Bumrah,4,0,25,0,6.25,3,1,U.S.A.,New York,T20I
Jasprit Bumrah,10,1,35,4,3.5,2,1,West Indies,Pune,ODI
Jasprit Bumrah,8,1,25,0,3.12,2,2,West Indies,Brabourne,ODI
Jasprit Bumrah,6,1,11,2,1.83,2,1,West Indies,Thiruvananthapuram,ODI
Jasprit Bumrah,6,1,9,2,1.5,2,2,West Indies,Manchester,ODI
Jasprit Bumrah,4,0,27,1,6.75,3,1,West Indies,Eden Gardens,T20I
Jasprit Bumrah,4,0,20,2,5,3,2,West Indies,Lucknow,T20I
Jasprit Bumrah,18,4,55,1,3.05,2,2,West Indies,North Sound,Test
Jasprit Bumrah,8,4,7,5,0.87,2,4,West Indies,North Sound,Test
Jasprit Bumrah,12.1,3,27,6,2.21,2,2,West Indies,Kingston,Test
Jasprit Bumrah,11,4,31,1,2.81,2,4,West Indies,Kingston,Test
Jaydev Unadkat,16,2,50,2,3.12,3,1,Bangladesh,Mirpur,Test
Jaydev Unadkat,9,3,17,1,1.88,3,3,Bangladesh,Mirpur,Test
Jaydev Unadkat,7,2,17,0,2.42,2,1,West Indies,Roseau,Test
Jaydev Unadkat,2,1,1,0,0.5,2,3,West Indies,Roseau,Test
Jaydev Unadkat,16,3,44,0,2.75,2,2,West Indies,Port of Spain,Test
Jaydev Unadkat,3,2,1,0,0.33,3,4,West Indies,Port of Spain,Test
Jaydev Unadkat,5,0,16,1,3.2,4,2,West Indies,Tarouba,ODI
Khaleel Ahmed,10,1,45,1,4.5,1,1,Afghanistan,Dubai (DICS),ODI
Khaleel Ahmed,3,0,42,1,14,3,1,Australia,Brisbane,T20I
Khaleel Ahmed,4,0,39,2,9.75,2,1,Australia,Melbourne,T20I
Khaleel Ahmed,4,0,35,0,8.75,2,1,Australia,Sydney,T20I
Khaleel Ahmed,8,0,55,0,6.87,2,1,Australia,Sydney,ODI
Khaleel Ahmed,4,0,37,1,9.25,3,2,Bangladesh,Delhi,T20I
Khaleel Ahmed,4,0,44,1,11,2,1,Bangladesh,Rajkot,T20I
Khaleel Ahmed,4,0,27,0,6.75,1,2,Bangladesh,Nagpur,T20I
Khaleel Ahmed,10,0,48,3,4.8,2,2,Hong Kong,Dubai (DICS),ODI
Khaleel Ahmed,3,0,19,0,6.33,2,2,New Zealand,Hamilton,ODI
Khaleel Ahmed,4,0,48,1,12,2,1,New Zealand,Wellington,T20I
Khaleel Ahmed,4,0,27,2,6.75,2,1,New Zealand,Auckland,T20I
Khaleel Ahmed,4,0,47,1,11.75,2,1,New Zealand,Hamilton,T20I
Khaleel Ahmed,10,0,64,1,6.4,3,1,West Indies,Guwahati,ODI
Khaleel Ahmed,10,0,65,1,6.5,3,1,West Indies,Pune,ODI
Khaleel Ahmed,5,0,13,3,2.6,3,2,West Indies,Brabourne,ODI
Khaleel Ahmed,7,1,29,2,4.14,3,1,West Indies,Thiruvananthapuram,ODI
Khaleel Ahmed,4,1,16,1,4,2,1,West Indies,Eden Gardens,T20I
Khaleel Ahmed,4,0,30,2,7.5,2,2,West Indies,Lucknow,T20I
Khaleel Ahmed,4,0,37,0,9.25,1,1,West Indies,Chennai,T20I
Khaleel Ahmed,2,0,8,1,4,4,1,West Indies,Lauderhill,T20I
Khaleel Ahmed,3,0,22,0,7.33,3,2,West Indies,Lauderhill,T20I
Khaleel Ahmed,3,0,27,0,9,3,1,West Indies,Providence,ODI
Khaleel Ahmed,7,0,32,1,4.57,3,2,West Indies,Port of Spain,ODI
Khaleel Ahmed,7,0,68,3,9.71,3,1,West Indies,Port of Spain,ODI
Kuldeep Yadav,3,0,31,1,10.33,6,2,Afghanistan,Bengaluru,T20I
Kuldeep Yadav,4,0,32,2,8,5,2,Afghanistan,Bridgetown,T20I
Kuldeep Yadav,4,0,24,2,6,5,2,Australia,Gros Islet,T20I
Kuldeep Yadav,10,1,53,1,5.3,5,2,Bangladesh,Chattogram,ODI
Kuldeep Yadav,16,6,40,5,2.5,4,2,Bangladesh,Chattogram,Test
Kuldeep Yadav,20,3,73,3,3.65,5,4,Bangladesh,Chattogram,Test
Kuldeep Yadav,4,0,19,3,4.75,6,2,Bangladesh,North Sound,T20I
Kuldeep Yadav,6,1,16,0,2.66,4,2,England,Chennai,Test
Kuldeep Yadav,6.2,1,25,2,3.94,5,4,England,Chennai,Test
Kuldeep Yadav,9,0,68,0,7.55,5,2,England,Pune,ODI
Kuldeep Yadav,10,0,84,0,8.4,4,2,England,Pune,ODI
Kuldeep Yadav,17,1,71,3,4.17,3,2,England,Visakhapatnam,Test
Kuldeep Yadav,15,0,60,1,4,3,4,England,Visakhapatnam,Test
Kuldeep Yadav,18,2,77,2,4.27,3,2,England,Rajkot,Test
Kuldeep Yadav,8,2,19,2,2.37,4,4,England,Rajkot,Test
Kuldeep Yadav,12,4,22,0,1.83,5,1,England,Ranchi,Test
Kuldeep Yadav,15,2,22,4,1.46,4,3,England,Ranchi,Test
Kuldeep Yadav,15,1,72,5,4.8,4,1,England,Dharamsala,Test
Kuldeep Yadav,14.1,0,40,2,2.82,4,3,England,Dharamsala,Test
Kuldeep Yadav,4,0,19,3,4.75,4,2,England,Providence,T20I
Kuldeep Yadav,8,0,39,1,4.87,5,1,South Africa,Lucknow,ODI
Kuldeep Yadav,9,0,49,1,5.44,5,1,South Africa,Ranchi,ODI
Kuldeep Yadav,4.1,1,18,4,4.32,6,1,South Africa,Delhi,ODI
Kuldeep Yadav,4,0,45,0,11.25,4,2,South Africa,Bridgetown,T20I
Kuldeep Yadav,9,1,48,2,5.33,5,1,Sri Lanka,Colombo (RPS),ODI
Kuldeep Yadav,10,0,55,0,5.5,5,1,Sri Lanka,Colombo (RPS),ODI
Kuldeep Yadav,4,0,30,2,7.5,5,2,Sri Lanka,Colombo (RPS),T20I
Kuldeep Yadav,2,0,16,0,8,5,2,Sri Lanka,Colombo (RPS),T20I
Kuldeep Yadav,4,0,22,0,5.5,4,1,Sri Lanka,Dharamsala,T20I
Kuldeep Yadav,8,0,51,2,6.37,4,2,West Indies,Ahmedabad,ODI
Kuldeep Yadav,4,1,12,3,3,5,2,West Indies,Lauderhill,T20I
Kuldeep Yadav,10,1,36,0,3.6,3,1,Zimbabwe,Harare,ODI
Kuldeep Yadav,8,0,49,1,6.12,5,1,Zimbabwe,Harare,ODI
Kuldeep Yadav,10,0,38,2,3.8,4,2,Zimbabwe,Harare,ODI
Mohammed Shami,4,0,32,3,8,1,2,Afghanistan,Abu Dhabi,T20I
Mohammed Shami,7.4,0,58,0,7.56,1,2,Australia,Wankhede,ODI
Mohammed Shami,10,0,77,3,7.7,2,2,Australia,Rajkot,ODI
Mohammed Shami,10,0,63,4,6.3,2,1,Australia,Bengaluru,ODI
Mohammed Shami,10,0,59,3,5.9,1,1,Australia,Sydney,ODI
Mohammed Shami,9,0,73,1,8.11,1,1,Australia,Sydney,ODI
Mohammed Shami,4,0,46,0,11.5,3,2,Australia,Canberra,T20I
Mohammed Shami,17,4,41,0,2.41,3,2,Australia,Adelaide,Test
Mohammed Shami,9,4,18,1,2,1,1,Australia,Nagpur,Test
Mohammed Shami,4.3,1,13,2,2.88,1,3,Australia,Nagpur,Test
Mohammed Shami,14.4,4,60,4,4.09,1,1,Australia,Delhi,Test
Mohammed Shami,2,0,10,0,5,2,3,Australia,Delhi,Test
Mohammed Shami,31,3,134,2,4.32,1,1,Australia,Ahmedabad,Test
Mohammed Shami,8,1,19,0,2.37,3,3,Australia,Ahmedabad,Test
Mohammed Shami,6,2,17,3,2.83,1,1,Australia,Wankhede,ODI
Mohammed Shami,3,0,29,0,9.66,1,2,Australia,Visakhapatnam,ODI
Mohammed Shami,6,0,37,0,6.16,1,1,Australia,Chennai,ODI
Mohammed Shami,29,4,122,2,4.2,1,1,Australia,The Oval,Test
Mohammed Shami,16.3,6,39,2,2.36,1,3,Australia,The Oval,Test
Mohammed Shami,10,1,51,5,5.1,1,1,Australia,Mohali,ODI
Mohammed Shami,6,0,39,1,6.5,1,2,Australia,Indore,ODI
Mohammed Shami,7,1,47,1,6.71,2,2,Australia,Ahmedabad,ODI
Mohammed Shami,3,0,25,1,8.33,3,2,Bangladesh,Adelaide,T20I
Mohammed Shami,8,1,32,2,4,1,1,Bangladesh,Colombo (RPS),ODI
Mohammed Shami,17,2,28,3,1.64,2,1,England,Nottingham,Test
Mohammed Shami,15.5,1,72,1,4.54,3,3,England,Nottingham,Test
Mohammed Shami,26,3,95,2,3.65,3,2,England,Lord's,Test
Mohammed Shami,10,5,13,1,1.3,2,4,England,Lord's,Test
Mohammed Shami,28,8,95,4,3.39,3,2,England,Leeds,Test
Mohammed Shami,22,4,78,2,3.54,2,2,England,Birmingham,Test
Mohammed Shami,15,2,64,0,4.26,2,4,England,Birmingham,Test
Mohammed Shami,7,0,31,3,4.42,1,1,England,The Oval,ODI
Mohammed Shami,10,0,48,1,4.8,1,1,England,Lord's,ODI
Mohammed Shami,7,0,38,0,5.42,1,1,England,Manchester,ODI
Mohammed Shami,3,0,39,0,13,4,2,England,Adelaide,T20I
Mohammed Shami,7,2,22,4,3.14,3,2,England,Lucknow,ODI
Mohammed Shami,4,0,39,0,9.75,1,1,Namibia,Dubai (DICS),T20I
Mohammed Shami,7,0,29,1,4.14,1,1,Nepal,Pallekele,ODI
Mohammed Shami,4,0,27,1,6.75,3,2,Netherlands,Sydney,T20I
Mohammed Shami,6,0,41,0,6.83,3,2,Netherlands,Bengaluru,ODI
Mohammed Shami,4,0,53,0,13.25,3,1,New Zealand,Auckland,T20I
Mohammed Shami,4,0,22,0,5.5,2,1,New Zealand,Auckland,T20I
Mohammed Shami,4,0,32,2,8,2,2,New Zealand,Hamilton,T20I
Mohammed Shami,9.1,0,63,1,6.87,2,2,New Zealand,Hamilton,ODI
Mohammed Shami,23,2,91,1,3.95,3,2,New Zealand,Wellington,Test
Mohammed Shami,23.1,3,81,4,3.49,3,2,New Zealand,Christchurch,Test
Mohammed Shami,3,1,11,0,3.66,3,4,New Zealand,Christchurch,Test
Mohammed Shami,26,8,76,4,2.92,3,2,New Zealand,Southampton,Test
Mohammed Shami,10.5,3,31,0,2.86,2,4,New Zealand,Southampton,Test
Mohammed Shami,1,0,11,0,11,4,2,New Zealand,Dubai (DICS),T20I
Mohammed Shami,10,1,69,1,6.9,1,2,New Zealand,Hyderabad,ODI
Mohammed Shami,6,1,18,3,3,1,1,New Zealand,Raipur,ODI
Mohammed Shami,10,0,54,5,5.4,3,1,New Zealand,Dharamsala,ODI
Mohammed Shami,9.5,0,57,7,5.79,3,2,New Zealand,Wankhede,ODI
Mohammed Shami,3.5,0,43,0,11.21,2,2,Pakistan,Dubai (DICS),T20I
Mohammed Shami,4,0,25,1,6.25,3,1,Pakistan,Melbourne,T20I
Mohammed Shami,3,1,15,3,5,4,1,Scotland,Dubai (DICS),T20I
Mohammed Shami,16,5,44,5,2.75,3,2,South Africa,Centurion,Test
Mohammed Shami,17,3,63,3,3.7,2,4,South Africa,Centurion,Test
Mohammed Shami,21,5,52,2,2.47,2,2,South Africa,Johannesburg,Test
Mohammed Shami,17,3,55,1,3.23,2,4,South Africa,Johannesburg,Test
Mohammed Shami,16,4,39,2,2.43,3,2,South Africa,Cape Town,Test
Mohammed Shami,15,3,41,1,2.73,2,4,South Africa,Cape Town,Test
Mohammed Shami,4,0,13,1,3.25,3,2,South Africa,Perth,T20I
Mohammed Shami,4,0,18,2,4.5,4,2,South Africa,Eden Gardens,ODI
Mohammed Shami,12,5,27,1,2.25,1,2,Sri Lanka,Mohali,Test
Mohammed Shami,8,1,48,2,6,2,3,Sri Lanka,Mohali,Test
Mohammed Shami,6,1,18,2,3,3,2,Sri Lanka,Bengaluru,Test
Mohammed Shami,6,0,26,0,4.33,2,4,Sri Lanka,Bengaluru,Test
Mohammed Shami,9,0,67,1,7.44,1,2,Sri Lanka,Guwahati,ODI
Mohammed Shami,7,0,43,0,6.14,1,1,Sri Lanka,Eden Gardens,ODI
Mohammed Shami,6,2,20,2,3.33,1,2,Sri Lanka,Thiruvananthapuram,ODI
Mohammed Shami,5,1,18,5,3.6,3,2,Sri Lanka,Wankhede,ODI
Mohammed Shami,2,0,14,2,7,3,2,Zimbabwe,Melbourne,T20I
Mohammed Siraj,9,0,76,0,8.44,2,1,Afghanistan,Delhi,ODI
Mohammed Siraj,25,4,67,1,2.68,2,1,Australia,Sydney,Test
Mohammed Siraj,25,5,90,1,3.6,2,3,Australia,Sydney,Test
Mohammed Siraj,28,10,77,1,2.75,1,1,Australia,Brisbane,Test
Mohammed Siraj,19.5,5,73,5,3.68,1,3,Australia,Brisbane,Test
Mohammed Siraj,7,3,30,1,4.28,2,1,Australia,Nagpur,Test
Mohammed Siraj,1,1,0,0,0,3,3,Australia,Nagpur,Test
Mohammed Siraj,10,2,30,0,3,2,1,Australia,Delhi,Test
Mohammed Siraj,6,1,13,0,2.16,5,2,Australia,Indore,Test
Mohammed Siraj,5.4,1,29,3,5.11,2,1,Australia,Wankhede,ODI
Mohammed Siraj,3,0,37,0,12.33,2,2,Australia,Visakhapatnam,ODI
Mohammed Siraj,7,1,37,2,5.28,2,1,Australia,Chennai,ODI
Mohammed Siraj,28.3,4,108,4,3.78,2,1,Australia,The Oval,Test
Mohammed Siraj,20,2,80,1,4,2,3,Australia,The Oval,Test
Mohammed Siraj,9,0,68,1,7.55,2,1,Australia,Rajkot,ODI
Mohammed Siraj,6.3,1,26,1,4,2,1,Australia,Chennai,ODI
Mohammed Siraj,7,0,45,1,6.42,5,2,Australia,Ahmedabad,ODI
Mohammed Siraj,10,0,60,2,6,2,1,Bangladesh,Pune,ODI
Mohammed Siraj,10,1,32,3,3.2,2,2,Bangladesh,Mirpur,ODI
Mohammed Siraj,10,0,73,2,7.3,2,1,Bangladesh,Mirpur,ODI
Mohammed Siraj,5,0,27,1,5.4,1,2,Bangladesh,Chattogram,ODI
Mohammed Siraj,13,2,20,3,1.53,1,2,Bangladesh,Chattogram,Test
Mohammed Siraj,19,4,67,1,3.52,1,4,Bangladesh,Chattogram,Test
Mohammed Siraj,9,1,39,0,4.33,1,1,Bangladesh,Mirpur,Test
Mohammed Siraj,11,0,41,2,3.72,4,3,Bangladesh,Mirpur,Test
Mohammed Siraj,5,4,5,1,1,5,2,England,Chennai,Test
Mohammed Siraj,3,1,6,0,2,4,4,England,Chennai,Test
Mohammed Siraj,14,2,45,2,3.21,2,1,England,Ahmedabad,Test
Mohammed Siraj,4,0,12,0,3,1,3,England,Ahmedabad,Test
Mohammed Siraj,12,2,48,1,4,3,1,England,Nottingham,Test
Mohammed Siraj,25,3,84,2,3.36,2,3,England,Nottingham,Test
Mohammed Siraj,30,7,94,4,3.13,4,2,England,Lord's,Test
Mohammed Siraj,10.5,3,32,4,2.95,4,4,England,Lord's,Test
Mohammed Siraj,23,3,86,2,3.73,4,2,England,Leeds,Test
Mohammed Siraj,12,4,42,1,3.5,4,2,England,The Oval,Test
Mohammed Siraj,14,0,44,0,3.14,4,4,England,The Oval,Test
Mohammed Siraj,6,0,33,0,5.5,2,2,England,Lucknow,ODI
Mohammed Siraj,4,0,28,0,7,2,1,England,Hyderabad,Test
Mohammed Siraj,7,1,22,0,3.14,5,3,England,Hyderabad,Test
Mohammed Siraj,21.1,2,84,4,3.96,2,2,England,Rajkot,Test
Mohammed Siraj,5,2,16,0,3.2,2,4,England,Rajkot,Test
Mohammed Siraj,18,3,78,2,4.33,1,1,England,Ranchi,Test
Mohammed Siraj,3,0,16,0,5.33,3,3,England,Ranchi,Test
Mohammed Siraj,8,1,24,0,3,2,1,England,Dharamsala,Test
Mohammed Siraj,1,0,8,0,8,5,3,England,Dharamsala,Test
Mohammed Siraj,11.3,2,66,4,5.73,3,2,England,Birmingham,Test
Mohammed Siraj,15,0,98,0,6.53,4,4,England,Birmingham,Test
Mohammed Siraj,9,1,66,2,7.33,2,1,England,Manchester,ODI
Mohammed Siraj,3,0,13,1,4.33,2,1,Ireland,New York,T20I
Mohammed Siraj,9.2,1,61,3,6.53,2,1,Nepal,Pallekele,ODI
Mohammed Siraj,6,1,29,2,4.83,2,2,Netherlands,Bengaluru,ODI
Mohammed Siraj,4,0,39,1,9.75,3,1,New Zealand,Jaipur,T20I
Mohammed Siraj,4,0,19,3,4.75,2,2,New Zealand,Wankhede,Test
Mohammed Siraj,5,2,13,0,2.6,1,4,New Zealand,Wankhede,Test
Mohammed Siraj,10,2,46,4,4.6,2,2,New Zealand,Hyderabad,ODI
Mohammed Siraj,6,1,10,1,1.66,2,1,New Zealand,Raipur,ODI
Mohammed Siraj,10,1,45,1,4.5,2,1,New Zealand,Dharamsala,ODI
Mohammed Siraj,9,0,78,1,8.66,2,2,New Zealand,Wankhede,ODI
Mohammed Siraj,4,1,24,2,6,3,2,New Zealand,Mount Maunganui,T20I
Mohammed Siraj,4,0,17,4,4.25,3,1,New Zealand,Napier,T20I
Mohammed Siraj,5,0,23,0,4.6,2,2,Pakistan,Colombo (RPS),ODI
Mohammed Siraj,8,0,50,2,6.25,2,1,Pakistan,Ahmedabad,ODI
Mohammed Siraj,4,0,19,0,4.75,2,2,Pakistan,New York,T20I
Mohammed Siraj,15.1,3,45,1,2.96,2,2,South Africa,Centurion,Test
Mohammed Siraj,18,5,47,2,2.61,3,4,South Africa,Centurion,Test
Mohammed Siraj,4,1,11,1,2.75,2,2,South Africa,Eden Gardens,ODI
Mohammed Siraj,3,0,27,1,9,1,2,South Africa,Gqeberha,T20I
Mohammed Siraj,3,1,13,0,4.33,1,2,South Africa,Johannesburg,T20I
Mohammed Siraj,24,1,91,2,3.79,2,2,South Africa,Centurion,Test
Mohammed Siraj,9,3,15,6,1.66,2,1,South Africa,Cape Town,Test
Mohammed Siraj,9,3,31,1,3.44,2,3,South Africa,Cape Town,Test
Mohammed Siraj,9.5,2,24,0,2.44,3,2,South Africa,Johannesburg,Test
Mohammed Siraj,6,0,37,0,6.16,4,4,South Africa,Johannesburg,Test
Mohammed Siraj,4,0,44,0,11,2,1,South Africa,Indore,T20I
Mohammed Siraj,8,0,49,0,6.12,1,1,South Africa,Lucknow,ODI
Mohammed Siraj,10,1,38,3,3.8,1,1,South Africa,Ranchi,ODI
Mohammed Siraj,5,0,17,2,3.4,2,1,South Africa,Delhi,ODI
Mohammed Siraj,7,1,30,2,4.28,2,2,Sri Lanka,Guwahati,ODI
Mohammed Siraj,5.4,0,30,3,5.29,2,1,Sri Lanka,Eden Gardens,ODI
Mohammed Siraj,10,1,32,4,3.2,2,2,Sri Lanka,Thiruvananthapuram,ODI
Mohammed Siraj,5,2,17,1,3.4,2,2,Sri Lanka,Colombo (RPS),ODI
Mohammed Siraj,7,1,21,6,3,2,1,Sri Lanka,Colombo (RPS),ODI
Mohammed Siraj,7,2,16,3,2.28,2,2,Sri Lanka,Wankhede,ODI
Mohammed Siraj,4,0,22,1,5.5,1,1,Sri Lanka,Dharamsala,T20I
Mohammed Siraj,4,0,25,0,6.25,2,1,U.S.A.,New York,T20I
Mohammed Siraj,12,2,25,1,2.08,1,1,West Indies,Roseau,Test
Mohammed Siraj,6,1,16,1,2.66,1,3,West Indies,Roseau,Test
Mohammed Siraj,23.4,6,60,5,2.53,1,2,West Indies,Port of Spain,Test
Mohammed Siraj,8,2,24,0,3,1,4,West Indies,Port of Spain,Test
Mohammed Siraj,8,2,26,1,3.25,1,1,West Indies,Ahmedabad,ODI
Mohammed Siraj,9,1,38,1,4.22,1,2,West Indies,Ahmedabad,ODI
Mohammed Siraj,9,1,29,3,3.22,2,2,West Indies,Ahmedabad,ODI
Mohammed Siraj,10,0,57,2,5.7,1,2,West Indies,Port of Spain,ODI
Mohammed Siraj,10,1,46,0,4.6,1,1,West Indies,Port of Spain,ODI
Mohammed Siraj,3,0,14,2,4.66,2,2,West Indies,Port of Spain,ODI
Mohammed Siraj,8,2,36,1,4.5,2,1,Zimbabwe,Harare,ODI
Mohammed Siraj,8,2,16,1,2,1,1,Zimbabwe,Harare,ODI
Mukesh Kumar,4,0,33,2,8.25,2,1,Afghanistan,Mohali,T20I
Mukesh Kumar,2,0,21,0,10.5,2,1,Afghanistan,Indore,T20I
Mukesh Kumar,4,0,44,0,11,1,2,Afghanistan,Bengaluru,T20I
Mukesh Kumar,4,0,29,0,7.25,5,1,Australia,Visakhapatnam,T20I
Mukesh Kumar,4,0,43,1,10.75,5,2,Australia,Thiruvananthapuram,T20I
Mukesh Kumar,4,0,42,0,10.5,2,2,Australia,Raipur,T20I
Mukesh Kumar,4,0,32,3,8,3,2,Australia,Bengaluru,T20I
Mukesh Kumar,7,1,44,0,6.28,2,2,England,Visakhapatnam,Test
Mukesh Kumar,5,1,26,1,5.2,2,4,England,Visakhapatnam,Test
Mukesh Kumar,3,0,34,2,11.33,4,2,South Africa,Gqeberha,T20I
Mukesh Kumar,2,0,21,1,10.5,2,2,South Africa,Johannesburg,T20I
Mukesh Kumar,7,0,46,0,6.57,1,1,South Africa,Johannesburg,ODI
Mukesh Kumar,8,2,46,0,5.75,1,2,South Africa,Gqeberha,ODI
Mukesh Kumar,9,0,56,1,6.22,1,2,South Africa,Paarl,ODI
Mukesh Kumar,2.2,2,0,2,0,4,1,South Africa,Cape Town,Test
Mukesh Kumar,10,2,56,2,5.6,3,3,South Africa,Cape Town,Test
Mukesh Kumar,18,6,48,2,2.66,4,2,West Indies,Port of Spain,Test
Mukesh Kumar,5,4,5,0,1,2,4,West Indies,Port of Spain,Test
Mukesh Kumar,5,1,22,1,4.4,2,1,West Indies,Bridgetown,ODI
Mukesh Kumar,3,0,17,0,5.66,2,2,West Indies,Bridgetown,ODI
Mukesh Kumar,7,1,30,3,4.28,1,2,West Indies,Tarouba,ODI
Mukesh Kumar,3,0,24,0,8,2,1,West Indies,Tarouba,T20I
Mukesh Kumar,3.5,0,35,1,9.13,3,2,West Indies,Providence,T20I
Mukesh Kumar,2,0,19,1,9.5,6,1,West Indies,Providence,T20I
Mukesh Kumar,3,0,25,1,8.33,6,1,West Indies,Lauderhill,T20I
Mukesh Kumar,1,0,10,0,10,5,2,West Indies,Lauderhill,T20I
Prasidh Krishna,6,0,56,2,9.33,2,2,Australia,Indore,ODI
Prasidh Krishna,5,0,45,1,9,3,1,Australia,Rajkot,ODI
Prasidh Krishna,4,0,50,1,12.5,2,1,Australia,Visakhapatnam,T20I
Prasidh Krishna,4,0,41,3,10.25,2,2,Australia,Thiruvananthapuram,T20I
Prasidh Krishna,4,0,68,0,17,2,2,Australia,Guwahati,T20I
Prasidh Krishna,9,0,43,1,4.77,3,1,Bangladesh,Colombo (RPS),ODI
Prasidh Krishna,4,0,32,2,8,3,1,Ireland,Dublin (Malahide),T20I
Prasidh Krishna,4,0,29,2,7.25,3,2,Ireland,Dublin (Malahide),T20I
Prasidh Krishna,20,2,93,1,4.65,4,2,South Africa,Centurion,Test
Prasidh Krishna,4,1,10,0,2.5,3,1,South Africa,Cape Town,Test
Prasidh Krishna,4,1,27,1,6.75,4,3,South Africa,Cape Town,Test
Ravi Bishnoi,4,0,30,2,7.5,3,1,England,Nottingham,T20I
Ravi Bishnoi,4,0,41,1,10.25,4,2,Ireland,Dublin (Malahide),T20I
Ravi Bishnoi,4,0,26,1,6.5,3,2,Pakistan,Dubai (DICS),T20I
Ravi Bishnoi,8,0,69,1,8.62,4,1,South Africa,Lucknow,ODI
Ravi Bishnoi,4,0,32,1,8,5,1,Sri Lanka,Dharamsala,T20I
Ravi Bishnoi,4,0,17,2,4.25,5,1,West Indies,Eden Gardens,T20I
Ravi Bishnoi,4,0,30,1,7.5,5,2,West Indies,Eden Gardens,T20I
Ravi Bishnoi,4,0,29,0,7.25,5,2,West Indies,Eden Gardens,T20I
Ravi Bishnoi,4,0,26,2,6.5,6,2,West Indies,Tarouba,T20I
Ravi Bishnoi,4,0,27,2,6.75,5,2,West Indies,Lauderhill,T20I
Ravi Bishnoi,2.4,0,16,4,6,6,2,West Indies,Lauderhill,T20I
Ravichandran Ashwin,4,0,14,2,3.5,5,2,Afghanistan,Abu Dhabi,T20I
Ravichandran Ashwin,4,0,27,1,6.75,5,2,Afghanistan,Dubai (DICS),T20I
Ravichandran Ashwin,18,3,55,4,3.05,4,2,Australia,Adelaide,Test
Ravichandran Ashwin,6,1,16,1,2.66,3,4,Australia,Adelaide,Test
Ravichandran Ashwin,24,7,35,3,1.45,3,1,Australia,Melbourne,Test
Ravichandran Ashwin,37.1,6,71,2,1.91,4,3,Australia,Melbourne,Test
Ravichandran Ashwin,24,1,74,0,3.08,3,1,Australia,Sydney,Test
Ravichandran Ashwin,25,1,95,2,3.8,4,3,Australia,Sydney,Test
Ravichandran Ashwin,15.5,2,42,3,2.65,5,1,Australia,Nagpur,Test
Ravichandran Ashwin,12,3,37,5,3.08,2,3,Australia,Nagpur,Test
Ravichandran Ashwin,21,4,57,3,2.71,3,1,Australia,Delhi,Test
Ravichandran Ashwin,16,3,59,3,3.68,1,3,Australia,Delhi,Test
Ravichandran Ashwin,20.3,4,44,3,2.14,1,2,Australia,Indore,Test
Ravichandran Ashwin,9.5,3,44,1,4.47,1,4,Australia,Indore,Test
Ravichandran Ashwin,47.2,15,91,6,1.92,3,1,Australia,Ahmedabad,Test
Ravichandran Ashwin,24,9,58,1,2.41,1,3,Australia,Ahmedabad,Test
Ravichandran Ashwin,10,0,47,1,4.7,4,1,Australia,Mohali,ODI
Ravichandran Ashwin,7,0,41,3,5.85,3,2,Australia,Indore,ODI
Ravichandran Ashwin,10,1,34,1,3.4,4,1,Australia,Chennai,ODI
Ravichandran Ashwin,2,0,19,0,9.5,5,2,Bangladesh,Adelaide,T20I
Ravichandran Ashwin,10,1,34,0,3.4,3,2,Bangladesh,Chattogram,Test
Ravichandran Ashwin,27,3,75,1,2.77,3,4,Bangladesh,Chattogram,Test
Ravichandran Ashwin,21.5,3,71,4,3.25,4,1,Bangladesh,Mirpur,Test
Ravichandran Ashwin,22,2,66,2,3,2,3,Bangladesh,Mirpur,Test
Ravichandran Ashwin,55.1,5,146,3,2.64,3,1,England,Chennai,Test
Ravichandran Ashwin,17.3,2,61,6,3.48,1,3,England,Chennai,Test
Ravichandran Ashwin,23.5,4,43,5,1.8,2,2,England,Chennai,Test
Ravichandran Ashwin,18,5,53,3,2.94,3,4,England,Chennai,Test
Ravichandran Ashwin,16,6,26,3,1.62,4,1,England,Ahmedabad,Test
Ravichandran Ashwin,15,3,48,4,3.2,2,3,England,Ahmedabad,Test
Ravichandran Ashwin,19.5,4,47,3,2.36,4,1,England,Ahmedabad,Test
Ravichandran Ashwin,22.5,4,47,5,2.05,3,3,England,Ahmedabad,Test
Ravichandran Ashwin,2,0,27,0,13.5,5,2,England,Adelaide,T20I
Ravichandran Ashwin,21,1,68,3,3.23,4,1,England,Hyderabad,Test
Ravichandran Ashwin,29,4,126,3,4.34,2,3,England,Hyderabad,Test
Ravichandran Ashwin,12,0,61,0,5.08,4,2,England,Visakhapatnam,Test
Ravichandran Ashwin,18,2,72,3,4,4,4,England,Visakhapatnam,Test
Ravichandran Ashwin,7,0,37,1,5.28,4,2,England,Rajkot,Test
Ravichandran Ashwin,6,3,19,1,3.16,5,4,England,Rajkot,Test
Ravichandran Ashwin,22,1,83,1,3.77,4,1,England,Ranchi,Test
Ravichandran Ashwin,15.5,0,51,5,3.22,1,3,England,Ranchi,Test
Ravichandran Ashwin,11.4,1,51,4,4.37,3,1,England,Dharamsala,Test
Ravichandran Ashwin,14,0,77,5,5.5,2,3,England,Dharamsala,Test
Ravichandran Ashwin,4,0,20,3,5,3,1,Namibia,Dubai (DICS),T20I
Ravichandran Ashwin,4,0,21,2,5.25,6,2,Netherlands,Sydney,T20I
Ravichandran Ashwin,29,1,99,3,3.41,4,2,New Zealand,Wellington,Test
Ravichandran Ashwin,15,5,28,2,1.86,4,2,New Zealand,Southampton,Test
Ravichandran Ashwin,10,5,17,2,1.7,4,4,New Zealand,Southampton,Test
Ravichandran Ashwin,4,0,23,2,5.75,4,1,New Zealand,Jaipur,T20I
Ravichandran Ashwin,4,0,19,1,4.75,4,1,New Zealand,Ranchi,T20I
Ravichandran Ashwin,42.3,10,82,3,1.92,3,2,New Zealand,Kanpur,Test
Ravichandran Ashwin,30,12,35,3,1.16,1,4,New Zealand,Kanpur,Test
Ravichandran Ashwin,8,2,8,4,1,4,2,New Zealand,Wankhede,Test
Ravichandran Ashwin,22.3,9,34,4,1.51,2,4,New Zealand,Wankhede,Test
Ravichandran Ashwin,3,0,23,0,7.66,5,1,Pakistan,Melbourne,T20I
Ravichandran Ashwin,4,0,29,1,7.25,3,1,Scotland,Dubai (DICS),T20I
Ravichandran Ashwin,13,2,37,0,2.84,5,2,South Africa,Centurion,Test
Ravichandran Ashwin,9,2,18,2,2,5,4,South Africa,Centurion,Test
Ravichandran Ashwin,10,1,35,0,3.5,5,2,South Africa,Johannesburg,Test
Ravichandran Ashwin,11.4,2,26,1,2.22,5,4,South Africa,Johannesburg,Test
Ravichandran Ashwin,9,3,15,0,1.66,5,2,South Africa,Cape Town,Test
Ravichandran Ashwin,11.3,1,51,0,4.43,5,4,South Africa,Cape Town,Test
Ravichandran Ashwin,10,0,53,1,5.3,4,1,South Africa,Paarl,ODI
Ravichandran Ashwin,10,1,68,0,6.8,3,2,South Africa,Paarl,ODI
Ravichandran Ashwin,4,1,8,0,2,3,1,South Africa,Thiruvananthapuram,T20I
Ravichandran Ashwin,4,0,37,0,9.25,3,2,South Africa,Guwahati,T20I
Ravichandran Ashwin,4,0,35,0,8.75,3,1,South Africa,Indore,T20I
Ravichandran Ashwin,4,0,43,1,10.75,5,2,South Africa,Perth,T20I
Ravichandran Ashwin,19,6,41,1,2.15,5,2,South Africa,Centurion,Test
Ravichandran Ashwin,20,7,49,2,2.45,3,2,Sri Lanka,Mohali,Test
Ravichandran Ashwin,21,5,47,4,2.23,1,3,Sri Lanka,Mohali,Test
Ravichandran Ashwin,8.5,1,30,2,3.39,2,2,Sri Lanka,Bengaluru,Test
Ravichandran Ashwin,19.3,3,55,4,2.82,3,4,Sri Lanka,Bengaluru,Test
Ravichandran Ashwin,4,0,32,1,8,5,2,Sri Lanka,Dubai (DICS),T20I
Ravichandran Ashwin,4,0,22,2,5.5,4,2,West Indies,Tarouba,T20I
Ravichandran Ashwin,4,0,32,1,8,4,2,West Indies,Basseterre,T20I
Ravichandran Ashwin,4,0,26,0,6.5,6,1,West Indies,Basseterre,T20I
Ravichandran Ashwin,24.3,6,60,5,2.44,3,1,West Indies,Roseau,Test
Ravichandran Ashwin,21.3,7,71,7,3.3,3,3,West Indies,Roseau,Test
Ravichandran Ashwin,33,10,61,1,1.84,3,2,West Indies,Port of Spain,Test
Ravichandran Ashwin,11,2,33,2,3,4,4,West Indies,Port of Spain,Test
Ravichandran Ashwin,4,0,22,3,5.5,5,2,Zimbabwe,Melbourne,T20I
Ravindra Jadeja,3,0,19,1,6.33,4,2,Afghanistan,Abu Dhabi,T20I
Ravindra Jadeja,8,0,38,0,4.75,6,1,Afghanistan,Delhi,ODI
Ravindra Jadeja,3,0,20,1,6.66,6,2,Afghanistan,Bridgetown,T20I
Ravindra Jadeja,8,0,41,0,5.12,5,2,Australia,Wankhede,ODI
Ravindra Jadeja,10,0,58,2,5.8,4,2,Australia,Rajkot,ODI
Ravindra Jadeja,10,1,44,2,4.4,5,1,Australia,Bengaluru,ODI
Ravindra Jadeja,10,0,63,0,6.3,5,1,Australia,Sydney,ODI
Ravindra Jadeja,10,0,60,0,6,5,1,Australia,Sydney,ODI
Ravindra Jadeja,10,0,62,1,6.2,5,2,Australia,Canberra,ODI
Ravindra Jadeja,5.3,1,15,1,2.72,4,1,Australia,Melbourne,Test
Ravindra Jadeja,14,5,28,2,2,5,3,Australia,Melbourne,Test
Ravindra Jadeja,18,3,62,4,3.44,5,1,Australia,Sydney,Test
Ravindra Jadeja,22,8,47,5,2.13,3,1,Australia,Nagpur,Test
Ravindra Jadeja,12,3,34,2,2.83,4,3,Australia,Nagpur,Test
Ravindra Jadeja,21,2,68,3,3.23,4,1,Australia,Delhi,Test
Ravindra Jadeja,12.1,1,42,7,3.45,3,3,Australia,Delhi,Test
Ravindra Jadeja,32,8,78,4,2.43,2,2,Australia,Indore,Test
Ravindra Jadeja,7,1,23,0,3.28,2,4,Australia,Indore,Test
Ravindra Jadeja,35,5,89,1,2.54,4,1,Australia,Ahmedabad,Test
Ravindra Jadeja,20,7,34,0,1.7,2,3,Australia,Ahmedabad,Test
Ravindra Jadeja,9,0,46,2,5.11,5,1,Australia,Wankhede,ODI
Ravindra Jadeja,10,0,34,0,3.4,5,1,Australia,Chennai,ODI
Ravindra Jadeja,18,2,56,1,3.11,5,1,Australia,The Oval,Test
Ravindra Jadeja,23,4,58,3,2.52,5,3,Australia,The Oval,Test
Ravindra Jadeja,10,0,51,1,5.1,5,1,Australia,Mohali,ODI
Ravindra Jadeja,5.2,0,42,3,7.87,5,2,Australia,Indore,ODI
Ravindra Jadeja,10,0,61,0,6.1,4,1,Australia,Rajkot,ODI
Ravindra Jadeja,10,2,28,3,2.8,6,1,Australia,Chennai,ODI
Ravindra Jadeja,10,0,43,0,4.3,3,2,Australia,Ahmedabad,ODI
Ravindra Jadeja,1,0,17,0,17,6,2,Australia,Gros Islet,T20I
Ravindra Jadeja,10,1,53,1,5.3,6,1,Bangladesh,Colombo (RPS),ODI
Ravindra Jadeja,10,0,38,2,3.8,7,1,Bangladesh,Pune,ODI
Ravindra Jadeja,3,0,24,0,8,5,2,Bangladesh,North Sound,T20I
Ravindra Jadeja,3,0,11,0,3.66,5,1,England,Nottingham,Test
Ravindra Jadeja,13,3,39,0,3,5,3,England,Nottingham,Test
Ravindra Jadeja,22,1,43,0,1.95,5,2,England,Lord's,Test
Ravindra Jadeja,6,3,5,0,0.83,3,4,England,Lord's,Test
Ravindra Jadeja,32,8,88,2,2.75,5,2,England,Leeds,Test
Ravindra Jadeja,17,1,36,2,2.11,5,2,England,The Oval,Test
Ravindra Jadeja,30,11,50,2,1.66,3,4,England,The Oval,Test
Ravindra Jadeja,2,0,3,0,1.5,5,2,England,Birmingham,Test
Ravindra Jadeja,18.4,3,62,0,3.32,3,4,England,Birmingham,Test
Ravindra Jadeja,2,0,22,0,11,6,2,England,Birmingham,T20I
Ravindra Jadeja,4,0,45,0,11.25,4,1,England,Nottingham,T20I
Ravindra Jadeja,5,0,17,0,3.4,6,1,England,Lord's,ODI
Ravindra Jadeja,4,0,21,1,5.25,6,1,England,Manchester,ODI
Ravindra Jadeja,7,1,16,1,2.28,5,2,England,Lucknow,ODI
Ravindra Jadeja,18,4,88,3,4.88,3,1,England,Hyderabad,Test
Ravindra Jadeja,34,1,131,2,3.85,4,3,England,Hyderabad,Test
Ravindra Jadeja,10,0,51,2,5.1,5,2,England,Rajkot,Test
Ravindra Jadeja,12.4,4,41,5,3.23,3,4,England,Rajkot,Test
Ravindra Jadeja,32.5,7,67,4,2.04,3,1,England,Ranchi,Test
Ravindra Jadeja,20,5,56,1,2.8,2,3,England,Ranchi,Test
Ravindra Jadeja,10,2,17,1,1.7,5,1,England,Dharamsala,Test
Ravindra Jadeja,9,1,25,1,2.77,3,3,England,Dharamsala,Test
Ravindra Jadeja,3,0,16,0,5.33,5,2,England,Providence,T20I
Ravindra Jadeja,4,0,15,1,3.75,3,2,Hong Kong,Dubai (DICS),T20I
Ravindra Jadeja,1,0,7,0,7,6,1,Ireland,New York,T20I
Ravindra Jadeja,4,0,16,3,4,4,1,Namibia,Dubai (DICS),T20I
Ravindra Jadeja,10,0,40,3,4,5,1,Nepal,Pallekele,ODI
Ravindra Jadeja,9,0,49,2,5.44,5,2,Netherlands,Bengaluru,ODI
Ravindra Jadeja,2,0,18,1,9,6,1,New Zealand,Auckland,T20I
Ravindra Jadeja,4,0,18,2,4.5,6,1,New Zealand,Auckland,T20I
Ravindra Jadeja,4,0,23,1,5.75,5,2,New Zealand,Hamilton,T20I
Ravindra Jadeja,10,0,64,0,6.4,4,2,New Zealand,Hamilton,ODI
Ravindra Jadeja,10,0,35,1,3.5,5,1,New Zealand,Auckland,ODI
Ravindra Jadeja,10,0,45,1,4.5,5,2,New Zealand,Mount Maunganui,ODI
Ravindra Jadeja,10,2,22,2,2.2,4,2,New Zealand,Christchurch,Test
Ravindra Jadeja,5,0,24,0,4.8,4,4,New Zealand,Christchurch,Test
Ravindra Jadeja,7.2,2,20,1,2.72,5,2,New Zealand,Southampton,Test
Ravindra Jadeja,8,1,25,0,3.12,5,4,New Zealand,Southampton,Test
Ravindra Jadeja,2,0,23,0,11.5,3,2,New Zealand,Dubai (DICS),T20I
Ravindra Jadeja,33,10,57,1,1.72,4,2,New Zealand,Kanpur,Test
Ravindra Jadeja,28,10,40,4,1.42,5,4,New Zealand,Kanpur,Test
Ravindra Jadeja,10,0,48,0,4.8,4,1,New Zealand,Dharamsala,ODI
Ravindra Jadeja,10,0,63,0,6.3,4,2,New Zealand,Wankhede,ODI
Ravindra Jadeja,4,0,28,0,7,5,2,Pakistan,Dubai (DICS),T20I
Ravindra Jadeja,2,0,11,0,5.5,6,1,Pakistan,Dubai (DICS),T20I
Ravindra Jadeja,5,0,26,0,5.2,6,2,Pakistan,Colombo (RPS),ODI
Ravindra Jadeja,9.5,0,38,2,3.86,5,1,Pakistan,Ahmedabad,ODI
Ravindra Jadeja,2,0,10,0,5,5,2,Pakistan,New York,T20I
Ravindra Jadeja,4,0,15,3,3.75,5,1,Scotland,Dubai (DICS),T20I
Ravindra Jadeja,9,1,33,5,3.66,3,2,South Africa,Eden Gardens,ODI
Ravindra Jadeja,2.5,0,28,0,9.88,3,2,South Africa,Gqeberha,T20I
Ravindra Jadeja,3,0,25,2,8.33,4,2,South Africa,Johannesburg,T20I
Ravindra Jadeja,1,0,12,0,12,6,2,South Africa,Bridgetown,T20I
Ravindra Jadeja,4,0,28,1,7,6,2,Sri Lanka,Lucknow,T20I
Ravindra Jadeja,4,0,37,1,9.25,5,1,Sri Lanka,Dharamsala,T20I
Ravindra Jadeja,13,4,41,5,3.15,5,2,Sri Lanka,Mohali,Test
Ravindra Jadeja,16,5,46,4,2.87,3,3,Sri Lanka,Mohali,Test
Ravindra Jadeja,6,1,15,0,2.5,4,2,Sri Lanka,Bengaluru,Test
Ravindra Jadeja,14,2,48,1,3.42,4,4,Sri Lanka,Bengaluru,Test
Ravindra Jadeja,10,0,33,2,3.3,5,2,Sri Lanka,Colombo (RPS),ODI
Ravindra Jadeja,0.4,0,4,1,6,5,2,Sri Lanka,Wankhede,ODI
Ravindra Jadeja,4,0,26,1,6.5,3,2,West Indies,Tarouba,T20I
Ravindra Jadeja,3,0,16,1,5.33,3,2,West Indies,Basseterre,T20I
Ravindra Jadeja,14,7,26,3,1.85,5,1,West Indies,Roseau,Test
Ravindra Jadeja,21,5,38,2,1.8,4,3,West Indies,Roseau,Test
Ravindra Jadeja,25,10,37,2,1.48,5,2,West Indies,Port of Spain,Test
Ravindra Jadeja,5,1,10,0,2,5,4,West Indies,Port of Spain,Test
Ravindra Jadeja,6,0,37,3,6.16,4,1,West Indies,Bridgetown,ODI
Ravindra Jadeja,6,0,24,0,4,6,2,West Indies,Bridgetown,ODI
Ravindra Jadeja,5,1,29,0,5.8,6,2,West Indies,Tarouba,ODI
Sai Kishore,4,0,26,0,6.5,4,1,Afghanistan,Hangzhou,T20I
Sai Kishore,4,0,12,3,3,4,1,Bangladesh,Hangzhou,T20I
Sai Kishore,4,0,25,1,6.25,3,2,Nepal,Hangzhou,T20I
Shahbaz Ahmed,9,0,39,0,4.33,4,2,Bangladesh,Mirpur,ODI
Shahbaz Ahmed,10,0,54,1,5.4,3,1,South Africa,Ranchi,ODI
Shahbaz Ahmed,7,0,32,2,4.57,4,1,South Africa,Delhi,ODI
Shardul Thakur,3,0,31,0,10.33,6,2,Afghanistan,Abu Dhabi,T20I
Shardul Thakur,6,0,31,1,5.16,4,1,Afghanistan,Delhi,ODI
Shardul Thakur,24,6,94,3,3.91,3,1,Australia,Brisbane,Test
Shardul Thakur,19,2,61,4,3.21,4,3,Australia,Brisbane,Test
Shardul Thakur,2,0,12,0,6,4,1,Australia,Wankhede,ODI
Shardul Thakur,23,4,83,2,3.6,4,1,Australia,The Oval,Test
Shardul Thakur,8,1,21,0,2.62,3,3,Australia,The Oval,Test
Shardul Thakur,10,0,78,0,7.8,3,1,Australia,Mohali,ODI
Shardul Thakur,4,0,35,0,8.75,4,2,Australia,Indore,ODI
Shardul Thakur,4,0,25,1,6.25,3,1,Bangladesh,Colombo (RPS),T20I
Shardul Thakur,4,0,37,1,9.25,3,2,Bangladesh,Colombo (RPS),T20I
Shardul Thakur,4,0,45,0,11.25,4,1,Bangladesh,Colombo (RPS),T20I
Shardul Thakur,9,1,21,1,2.33,6,2,Bangladesh,Mirpur,ODI
Shardul Thakur,10,1,47,0,4.7,3,1,Bangladesh,Mirpur,ODI
Shardul Thakur,5,0,30,3,6,2,2,Bangladesh,Chattogram,ODI
Shardul Thakur,10,0,65,3,6.5,2,1,Bangladesh,Colombo (RPS),ODI
Shardul Thakur,9,0,59,1,6.55,5,1,Bangladesh,Pune,ODI
Shardul Thakur,10,0,51,1,5.1,3,2,England,Leeds,ODI
Shardul Thakur,2,0,16,0,8,4,2,England,Ahmedabad,T20I
Shardul Thakur,4,0,29,2,7.25,3,1,England,Ahmedabad,T20I
Shardul Thakur,3.2,0,36,0,10.8,2,2,England,Ahmedabad,T20I
Shardul Thakur,4,0,42,3,10.5,3,2,England,Ahmedabad,T20I
Shardul Thakur,4,0,45,3,11.25,4,2,England,Ahmedabad,T20I
Shardul Thakur,6,0,37,3,6.16,3,2,England,Pune,ODI
Shardul Thakur,7.3,0,54,0,7.2,3,2,England,Pune,ODI
Shardul Thakur,10,0,67,4,6.7,4,2,England,Pune,ODI
Shardul Thakur,13,3,41,2,3.15,4,1,England,Nottingham,Test
Shardul Thakur,13,1,37,2,2.84,4,3,England,Nottingham,Test
Shardul Thakur,15,2,54,1,3.6,3,2,England,The Oval,Test
Shardul Thakur,8,1,22,2,2.75,5,4,England,The Oval,Test
Shardul Thakur,7,0,48,1,6.85,4,2,England,Birmingham,Test
Shardul Thakur,11,0,65,0,5.9,5,4,England,Birmingham,Test
Shardul Thakur,4,0,41,0,10.25,3,2,Hong Kong,Dubai (DICS),ODI
Shardul Thakur,4,0,26,1,6.5,4,1,Nepal,Pallekele,ODI
Shardul Thakur,1.3,0,17,0,11.33,5,2,New Zealand,Dubai (DICS),T20I
Shardul Thakur,9,1,63,1,7,2,2,New Zealand,Auckland,ODI
Shardul Thakur,7.2,0,54,2,7.36,5,2,New Zealand,Hyderabad,ODI
Shardul Thakur,6,1,26,1,4.33,3,1,New Zealand,Raipur,ODI
Shardul Thakur,6,0,45,3,7.5,3,2,New Zealand,Indore,ODI
Shardul Thakur,4,0,16,1,4,4,2,Pakistan,Colombo (RPS),ODI
Shardul Thakur,2,0,12,0,6,6,1,Pakistan,Ahmedabad,ODI
Shardul Thakur,8.5,0,52,4,5.88,1,1,South Africa,Centurion,ODI
Shardul Thakur,4,0,31,1,7.75,2,2,South Africa,Centurion,T20I
Shardul Thakur,4,0,35,1,8.75,3,2,South Africa,Cape Town,T20I
Shardul Thakur,11,1,51,2,4.63,4,2,South Africa,Centurion,Test
Shardul Thakur,5,0,11,0,2.2,4,4,South Africa,Centurion,Test
Shardul Thakur,17.5,3,61,7,3.42,4,2,South Africa,Johannesburg,Test
Shardul Thakur,16,2,47,1,2.93,3,4,South Africa,Johannesburg,Test
Shardul Thakur,12,2,37,1,3.08,4,2,South Africa,Cape Town,Test
Shardul Thakur,11,3,22,1,2,4,4,South Africa,Cape Town,Test
Shardul Thakur,10,1,72,0,7.2,3,1,South Africa,Paarl,ODI
Shardul Thakur,5,0,35,1,7,5,2,South Africa,Paarl,ODI
Shardul Thakur,8,1,35,2,4.37,3,1,South Africa,Lucknow,ODI
Shardul Thakur,5,0,36,1,7.2,6,1,South Africa,Ranchi,ODI
Shardul Thakur,2,0,8,0,4,5,1,South Africa,Delhi,ODI
Shardul Thakur,19,2,101,1,5.31,3,2,South Africa,Centurion,Test
Shardul Thakur,3.3,0,42,0,12,3,2,Sri Lanka,Colombo (RPS),T20I
Shardul Thakur,4,0,27,4,6.75,3,1,Sri Lanka,Colombo (RPS),T20I
Shardul Thakur,1.4,0,9,0,5.4,2,1,West Indies,Hyderabad,Test
Shardul Thakur,7,0,38,0,5.42,4,1,West Indies,Ahmedabad,ODI
Shardul Thakur,9,1,41,2,4.55,2,2,West Indies,Ahmedabad,ODI
Shardul Thakur,4,0,33,2,8.25,4,2,West Indies,Eden Gardens,T20I
Shardul Thakur,8,0,54,2,6.75,3,2,West Indies,Port of Spain,ODI
Shardul Thakur,7,0,54,3,7.71,3,1,West Indies,Port of Spain,ODI
Shardul Thakur,5,0,17,2,3.4,6,2,West Indies,Port of Spain,ODI
Shardul Thakur,7,3,15,1,2.14,4,1,West Indies,Roseau,Test
Shardul Thakur,3,1,14,1,4.66,3,1,West Indies,Bridgetown,ODI
Shardul Thakur,8,0,42,3,5.25,4,2,West Indies,Bridgetown,ODI
Shardul Thakur,6.3,0,37,4,5.69,3,2,West Indies,Tarouba,ODI
Shardul Thakur,7,0,38,3,5.42,3,1,Zimbabwe,Harare,ODI
Shardul Thakur,9,0,55,1,6.11,3,2,Zimbabwe,Harare,ODI
Umran Malik,10,2,58,2,5.8,4,1,Bangladesh,Mirpur,ODI
Umran Malik,8,0,43,2,5.37,4,2,Bangladesh,Chattogram,ODI
Umran Malik,4,0,56,1,14,2,1,England,Nottingham,T20I
Umran Malik,1,0,14,0,14,5,1,Ireland,Dublin (Malahide),T20I
Umran Malik,4,0,42,1,10.5,5,2,Ireland,Dublin (Malahide),T20I
Umran Malik,10,0,66,2,6.6,4,2,New Zealand,Auckland,ODI
Umran Malik,5,0,31,1,6.2,3,2,New Zealand,Christchurch,ODI
Umran Malik,7,0,52,1,7.42,4,2,New Zealand,Indore,ODI
Umran Malik,1,0,16,0,16,5,1,New Zealand,Ranchi,T20I
Umran Malik,2.1,0,9,2,4.15,3,2,New Zealand,Ahmedabad,T20I
Umran Malik,4,0,27,2,6.75,3,2,Sri Lanka,Wankhede,T20I
Umran Malik,4,0,48,3,12,6,1,Sri Lanka,Pune,T20I
Umran Malik,3,0,31,2,10.33,5,2,Sri Lanka,Rajkot,T20I
Umran Malik,8,0,57,3,7.12,4,2,Sri Lanka,Guwahati,ODI
Umran Malik,7,0,48,2,6.85,4,1,Sri Lanka,Eden Gardens,ODI
Umran Malik,3,0,17,0,5.66,5,1,West Indies,Bridgetown,ODI
Umran Malik,3,0,27,0,9,3,2,West Indies,Bridgetown,ODI
Washington Sundar,31,6,89,3,2.87,5,1,Australia,Brisbane,Test
Washington Sundar,18,1,80,1,4.44,3,3,Australia,Brisbane,Test
Washington Sundar,26,2,98,0,3.76,5,1,England,Chennai,Test
Washington Sundar,1,0,1,0,1,5,3,England,Chennai,Test
Washington Sundar,0.4,0,1,1,1.5,3,3,England,Ahmedabad,Test
Washington Sundar,7,1,14,1,2,5,1,England,Ahmedabad,Test
Washington Sundar,4,0,16,0,4,4,3,England,Ahmedabad,Test
Washington Sundar,2.3,0,18,1,7.2,6,2,England,Ahmedabad,T20I
Washington Sundar,4,0,29,2,7.25,2,1,England,Ahmedabad,T20I
Washington Sundar,4,0,26,1,6.5,5,2,England,Ahmedabad,T20I
Washington Sundar,4,0,52,0,13,4,2,England,Ahmedabad,T20I
Washington Sundar,1,0,13,0,13,3,2,England,Ahmedabad,T20I
Yuzvendra Chahal,10,0,89,1,8.9,4,1,Australia,Sydney,ODI
Yuzvendra Chahal,9,0,71,0,7.88,4,1,Australia,Sydney,ODI
Yuzvendra Chahal,4,0,25,3,6.25,5,2,Australia,Canberra,T20I
Yuzvendra Chahal,4,0,51,1,12.75,5,1,Australia,Sydney,T20I
Yuzvendra Chahal,4,0,41,0,10.25,4,1,Australia,Sydney,T20I
Yuzvendra Chahal,3.2,0,42,1,12.6,4,2,Australia,Mohali,T20I
Yuzvendra Chahal,1,0,12,0,12,3,1,Australia,Nagpur,T20I
Yuzvendra Chahal,4,0,22,1,5.5,5,1,Australia,Hyderabad,T20I
Yuzvendra Chahal,3,0,33,0,11,3,2,England,Ahmedabad,T20I
Yuzvendra Chahal,4,0,34,1,8.5,5,1,England,Ahmedabad,T20I
Yuzvendra Chahal,4,0,41,1,10.25,3,2,England,Ahmedabad,T20I
Yuzvendra Chahal,4,0,32,2,8,5,2,England,Southampton,T20I
Yuzvendra Chahal,2,0,10,2,5,5,2,England,Birmingham,T20I
Yuzvendra Chahal,2,0,10,0,5,5,1,England,The Oval,ODI
Yuzvendra Chahal,10,0,47,4,4.7,5,1,England,Lord's,ODI
Yuzvendra Chahal,9.5,0,60,3,6.1,5,1,England,Manchester,ODI
Yuzvendra Chahal,4,0,18,0,4.5,5,2,Hong Kong,Dubai (DICS),T20I
Yuzvendra Chahal,3,0,11,1,3.66,6,1,Ireland,Dublin (Malahide),T20I
Yuzvendra Chahal,4,0,32,1,8,4,1,New Zealand,Auckland,T20I
Yuzvendra Chahal,4,0,33,0,8.25,4,1,New Zealand,Auckland,T20I
Yuzvendra Chahal,4,0,36,1,9,4,2,New Zealand,Hamilton,T20I
Yuzvendra Chahal,4,0,38,1,9.5,4,2,New Zealand,Wellington,T20I
Yuzvendra Chahal,4,0,28,0,7,5,2,New Zealand,Mount Maunganui,T20I
Yuzvendra Chahal,10,0,58,3,5.8,4,1,New Zealand,Auckland,ODI
Yuzvendra Chahal,10,1,47,3,4.7,3,2,New Zealand,Mount Maunganui,ODI
Yuzvendra Chahal,4,0,26,1,6.5,4,2,New Zealand,Eden Gardens,T20I
Yuzvendra Chahal,4,0,26,2,6.5,5,2,New Zealand,Mount Maunganui,T20I
Yuzvendra Chahal,3,0,35,0,11.66,5,1,New Zealand,Napier,T20I
Yuzvendra Chahal,10,0,67,0,6.7,5,2,New Zealand,Auckland,ODI
Yuzvendra Chahal,7.2,0,43,2,5.86,6,2,New Zealand,Indore,ODI
Yuzvendra Chahal,2,1,4,1,2,3,1,New Zealand,Lucknow,T20I
Yuzvendra Chahal,4,0,32,0,8,5,1,Pakistan,Dubai (DICS),T20I
Yuzvendra Chahal,4,0,43,1,10.75,5,2,Pakistan,Dubai (DICS),T20I
Yuzvendra Chahal,10,0,53,0,5.3,5,1,South Africa,Paarl,ODI
Yuzvendra Chahal,10,0,47,1,4.7,4,2,South Africa,Paarl,ODI
Yuzvendra Chahal,9,0,47,1,5.22,5,1,South Africa,Cape Town,ODI
Yuzvendra Chahal,2.1,0,26,0,12,3,2,South Africa,Delhi,T20I
Yuzvendra Chahal,4,0,49,1,12.25,4,2,South Africa,Cuttack,T20I
Yuzvendra Chahal,4,0,20,3,5,4,2,South Africa,Visakhapatnam,T20I
Yuzvendra Chahal,4,0,21,2,5.25,5,2,South Africa,Rajkot,T20I
Yuzvendra Chahal,3,0,33,0,11,5,2,Sri Lanka,Pune,T20I
Yuzvendra Chahal,10,0,52,2,5.2,4,1,Sri Lanka,Colombo (RPS),ODI
Yuzvendra Chahal,10,1,50,3,5,4,1,Sri Lanka,Colombo (RPS),ODI
Yuzvendra Chahal,4,0,19,1,4.75,5,2,Sri Lanka,Colombo (RPS),T20I
Yuzvendra Chahal,3,0,11,1,3.66,4,2,Sri Lanka,Lucknow,T20I
Yuzvendra Chahal,4,0,27,1,6.75,4,1,Sri Lanka,Dharamsala,T20I
Yuzvendra Chahal,4,0,34,3,8.5,4,2,Sri Lanka,Dubai (DICS),T20I
Yuzvendra Chahal,2,0,26,0,13,4,2,Sri Lanka,Wankhede,T20I
Yuzvendra Chahal,4,0,30,1,7.5,5,1,Sri Lanka,Pune,T20I
Yuzvendra Chahal,3,0,30,2,10,6,2,Sri Lanka,Rajkot,T20I
Yuzvendra Chahal,10,0,58,1,5.8,5,2,Sri Lanka,Guwahati,ODI
Yuzvendra Chahal,9.5,0,49,4,4.98,5,1,West Indies,Ahmedabad,ODI
Yuzvendra Chahal,10,0,45,1,4.5,4,2,West Indies,Ahmedabad,ODI
Yuzvendra Chahal,4,0,34,1,8.5,4,1,West Indies,Eden Gardens,T20I
Yuzvendra Chahal,4,0,31,1,7.75,3,2,West Indies,Eden Gardens,T20I
Yuzvendra Chahal,10,0,58,2,5.8,6,2,West Indies,Port of Spain,ODI
Yuzvendra Chahal,9,0,69,1,7.66,6,1,West Indies,Port of Spain,ODI
Yuzvendra Chahal,4,0,17,4,4.25,5,2,West Indies,Port of Spain,ODI
Yuzvendra Chahal,3,0,24,2,8,4,1,West Indies,Tarouba,T20I
Yuzvendra Chahal,3,0,19,2,6.33,5,2,West Indies,Providence,T20I
Yuzvendra Chahal,4,0,33,0,8.25,4,1,West Indies,Providence,T20I
Yuzvendra Chahal,4,0,36,1,9,3,1,West Indies,Lauderhill,T20I
Yuzvendra Chahal,4,0,51,0,12.75,4,2,West Indies,Lauderhill,T20I
